STRID,LAN,Remark
actor_baihuanan,,
actor_baihuanv,Næ,
actor_emeinan,Nam,
actor_emeinv,"Næ ",
actor_fomennan1,Nam,
actor_fomennan2,,
actor_qingcheng1,Nam,
actor_qingcheng2,,
actor_xianqingnan,,
actor_xianqingnv,Næ,
attrib_banzhi,"Bän Chï ",
attrib_fuzhufabao,"Pháp Bäo H² Trþ",
attrib_hujv,"Trang B¸ ",
attrib_hushengfu,"Hµ Thân Phù ",
attrib_zhufabao,"Pháp Bäo Chính",
bhIndex,"Bách Hoa phái do th¥n ni ¿u Ðàm sáng l§p, ð® tØ môn hÕ chü yªu ð«u là Ph§t môn ð® tØ nhßng không b¡t buµc xu¯ng tóc tu hành. 
Chï s¯ c½ bän: Sinh m®nh / Pháp Lñc
Ð£c ði¬m môn phái: Khä nång tr¸ li®u tuy®t v¶i
Khuyªt ði¬m: Khä nång kháng kích yªu
Tác døng t± ðµi: V¸ trí thành viên tr¸ li®u, tång cß¶ng mµt s¯ khä nång cüa ð°ng ðµi.
Vû khí khä døng: Phi Luân, Bäo Châu
H® ð£c thù: Ph§t pháp, Lôi ði®n là hai thuµc tính chü yªu trong công kích cüa Bách Hoa Phi Tiên.
Ti«m nång chü yªu: Trí Tu®",
card_001,"Ðông v« lÕnh giá, lòng nh¾ nhung ngß¶i, chúc Giáng Sinh vui vë!",
card_002,"N²i nh¾ không th¬ nói hªt b¢ng l¶i, sñ quan tâm không bao gi¶ thay ð±i, tình bÕn chân thành mãi luôn b¤t di®t!",
card_003,"Dù có cách xa muôn vÕn d£m, nhßng n²i nh¾ v« ngß¶i mãi không phai!",
card_004,"Hoa tuyªt lung linh, s¡c ðông tr¡ng xóa, chÕnh lòng nh¾ th¶i kh¡c ðôi ta bên nhau, Giáng Sinh ¤m áp nhé!",
card_005,"N²i nh¾ nhung óng ánh h½n bång, mong duyên tình ðôi ta luôn b«n ch£t h½n tuyªt!",
card_new_year_001,"Nåm m¾i sÑc khoë d°i dào, ngày mµt thêm cao, không còn xanh xao, ¯m ðau b®nh t§t.",
card_new_year_002,"Tân niên cát tß¶ng, c¥u nhß ý. Cung hÖ phát tài, bái kim nguyên. H°ng bao rñc ðö, chúc mãn lµc.",
card_new_year_003,"Nåm KÖ SØu, chúc bÕn vui nhß së, khöe nhß trâu, s¯ng lâu nhß núi!",
card_new_year_004,"Nåm m¾i chúc nhau sÑc khöe nhi«u. BÕc ti«n rüng rïnh thoäi mái tiêu. Gia ðình hÕnh phúc bè bÕn quý. Thanh thän vui ch½i m÷i bu±i chi«u.",
card_new_year_005,"Chúc anh 365 ngày hÕnh phúc, 52 tu¥n nhß ý, 12 tháng an vui, 8760 gi¶ thoäi mái, 52600 phút may m¡n và 1 Nåm m¾i an khang th¸nh vßþng.",
card_new_year_006,"Häo duyên mÛ ph§n, vÕn sñ thu§n, hþp gia hoan. Nguy®n ngß¶i tân xuân phúc lµc vô hÕn, nhß ý cát tß¶ng.",
card_new_year_007,"Ðong cho ð¥y hÕnh phúc. Gói cho tròn lµc tài. Giæ cho mãi an khang. Chúc nåm m¾i bình an. Cä nhà ð«u sung túc.",
card_new_year_008,"Xuân này h½n hÆn m¤y xuân qua, b·i anh có em cùng chung bß¾c, trái ng÷t sum v¥y mai vàng rñc, Tªt sang së bùi th¡m duyên ta.",
card_val_001,"Trên tr¶i muôn vÕn vì sao, ðâu b¢ng sao sáng cüa ðôi chúng mình. Happy Valentine!",
card_val_002,"Nªu em là con cá, anh s¨ là bi¬n cä. Nªu em là chiªc lá, anh s¨ là r×ng cây. Anh s¨ luôn bäo v® và yêu thß½ng em. Chúc Valentine vui vë!",
card_val_003,"Nh¾ nhung nhßng ngÕi ngö l¶i, nhân ngày tình cüm nên m¶i g£p nhau. G£p r°i ai biªt nói sao, thôi ðành l¶i chúc ta trao thª này. Mong ai kia hi¬u ý.",
card_val_004,"Tüm tïm cß¶i duyên, nhìn chàng e th©n, kh¨ ðßa cái h©n, mong mình bén duyên. Ai ðó ð÷c ðßþc l¶i nh¡n hãy thì th¥m v¾i mình ð¬ ðßa cái h©n nha.",
card_val_005,"Không có tình yêu nào vînh cØu, chï có nhæng giây phút vînh cØu cüa tình yêu. Hãy n¡m b¡t nhæng khoänh kh¡c hÕnh phúc bên nhau ngß¶i nhé.",
card_women_day_001,"Hãy dành 1 phút yên l£ng ð¬ l¡ng nghe nh¸p ð§p cüa trái tim, ð¬ cäm nh§n h½i th· ¤m n°ng. Nàng ½i có biªt, ta nguy®n nàng luôn · cÕnh bên.",
card_women_day_002,"Chúc m×ng em nhân ngày Qu¯c Tª Phø Næ. M²i sáng thÑc d§y Thành Ðô ngä nón chào, m²i bß¾c chân hoa cö phäi e th©n. 8 tháng 3 này em chính là næ vß½ng cüa t¤t cä.",
card_women_day_003,"GØi ti¬u muµi thân yêu 1 ðóa Kim Ngân Hoa, 1 cành ThÕch Ðiªu Lan và 1 chai Tinh D¥u Hoa Ðào. Chúc ti¬u muµi Tám Tháng Ba vui vë!",
card_women_day_004,"T¤m thi®p nhö này dành t£ng hàng vÕn l¶i chúc ðªn t¤t cä næ nhi trong Tam Gi¾i Thøc S½n. Chúc t¤t cä hÕnh phúc, xinh ð©p và may m¡n.",
card_women_day_005,"Mçu thân, có l¨ không mµt l¶i chúc nào có th¬ ð«n ðáp ðü t¤m lòng cüa ngß¶i. Nhân ngày 8 tháng 3 hài nhi xin gØi mçu thân 3 chæ 'Con yêu m©' b¢ng t¤t cä lòng yêu thß½ng và kính mªn.",
channelinfo_dahan,"Loan Báo:",
channelinfo_FindTeam,Nhóm:,
channelinfo_Friend,"Häo hæu:",
channelinfo_gaosu,"Nói %s: ",
channelinfo_gonghui,"Bang Hµi:",
channelinfo_jiaoyi,"Giao D¸ch:",
channelinfo_MasterParty,"Sß Môn:",
channelinfo_mengpai,"Môn Phái:",
channelinfo_OwnParty,"B±n Môn:",
channelinfo_Rumor,"Truy«n Tin:",
channelinfo_shijie,"Tam Gi¾i:",
channelinfo_shuo,"Phát Ngôn:",
channelinfo_xiaodui,"Ðµi Ngû:",
channelinfoname_dahan,"Loan Báo",
channelinfoname_FindTeam,"Nhóm /f",
channelinfoname_Friend,"Häo hæu /d",
channelinfoname_gonghui,"Bang Hµi /g",
channelinfoname_jiaoyi,"Giao D¸ch",
channelinfoname_MasterParty,"Sß Môn /m",
channelinfoname_mengpai,"Môn Phái /p",
channelinfoname_OwnParty,"B±n Môn /o",
channelinfoname_Rumor,"Truy«n Tin /u",
channelinfoname_shijie,"Tam Gi¾i /w",
channelinfoname_shuo,"Phát Ngôn /s",
channelinfoname_siliao,"Tán Gçu Riêng",
channelinfoname_siliaohuifu,"H°i Âm",
channelinfoname_xiaodui,"Ðµi Ngû /t",
channelinfoname_xitong,"H® Th¯ng",
channelinfostring_fasonggei,"GØi cho %s [%s]:",
channelinfostring_FindTeam,"[Nhóm] %s [%s]:",
channelinfostring_Friend,"[Häo hæu]%s[%s]:",
channelinfostring_gonghui,"[Bang Hµi] %s [%s]:",
channelinfostring_handao,"%s [%s] Loan Báo:",
channelinfostring_jiaoyi,"[Giao D¸ch] %s [%s]:",
channelinfostring_MasterParty,"[Sß Môn] %s [%s]:",
channelinfostring_mengpai,"[Môn Phái] %s [%s]:",
channelinfostring_OwnParty,"[B±n Môn] %s [%s]:",
channelinfostring_qiaoqiaodishuo,"%s [%s] Thì Th¥m:",
channelinfostring_Rumor,"[Truy«n Tin]:",
channelinfostring_shijie,"[Tam Gi¾i] %s [%s]:",
channelinfostring_shuo,"%s [%s] Phát Ngôn:",
channelinfostring_shuo2,"%s %s Phát Ngôn:",
channelinfostring_xiaodui,"[Ðµi Ngû] %s [%s]:",
channelpage1,Thß¶ng,
channelpage2,"Tam Gi¾i",
channelpage3,"Ðµi Ngû ",
channelpage4,"Bang Hµi",
channelpage5,Nhóm,
channelpage6,"Häo hæu",
compose_ceshihecheng1,"ThØ-Hþp Thành1",
compose_ceshihecheng2,"ThØ-Hþp Thành2",
credit_chengdu,"Thành Ðô",
credit_ciyunsi,"H¡c Phong TrÕi",
credit_daijia,"Ð¾i Gia Trß¶ng",
credit_guihua,"Quª Hoa S½n",
credit_huzha,"H± Träo S½n",
credit_lvcunzufen,"Læ Thôn Ð¸a HÕ Mµ Huy®t",
credit_mangcang,"Mãng Thß½ng S½n",
credit_maxiong,"Mã Hùng Thôn",
credit_qingluo,"Thanh Loa S½n",
credit_qixingtai,"Ngß Th¥n Ðµng Th¤t Tinh Ðài",
credit_tianhua,"Thiên Hóa Thôn",
credit_xueshan,"Tuyªt S½n Thôn",
credit_yunlin,"Vân Linh S½n",
ectype_ciyunsihuanxidian,"H¡c Phong TrÕi H¡c Phong Ðß¶ng",
ectype_guihuashanhonghuadong,"Quª Hoa S½n H°ng Hoa Ðµng C¤m Ð¸a",
ectype_qixingtai,"Ngß Th¥n Ðµng Th¤t Tinh Ðài",
ectype_wenzhudong,"Vån Chu Ðµng",
ectype_yaorendongfufuben,"Yêu Nhân Ðµng Phü ",
ectype_yunlingshanshexue,"Vân Linh S½n Xà Huy®t",
ecypt_enterqixingtai,"C¥n Chìa Khóa Th¥n Bí ð¬ vào Ngß Th¥n Ðµng Th¤t Tinh Ðài",
ecypt_enterwenzhudong,"C¥n Chìa Khoá C± Mµ m¾i có th¬ vào ðßþc Vån Chu Ðµng.",
emIndex,"Ty T± Trß¶ng My Chân Nhân ðã ð¡c ðÕo t× thu· T¯ng S½, ðß½ng là thü lînh cüa các tán tiên thuµc các phái chánh tà. Ðß½ng kim trß·ng môn Càn Khôn Chính Khí Di®u Nh¤t chân nhân T« Th¤u Minh là thân truy«n ð® tØ cüa Trß¶ng My Chân Nhân, công lñc thâm h§u khó lß¶ng. Nga My là môn phái ðÑng ð¥u cüa Chánh phái, môn hÕ ð® tØ ð«u là nhæng ðÕo sî hành hi®p trßþng nghîa. 
Chï s¯ c½ bän: Sinh m®nh/ Pháp lñc
Ð£c ði¬m môn phái: Công kích sát thß½ng cñc cao
Khuyªt ði¬m: Khä nång kháng kích yªu
Tác døng t± ðµi: V¸ trí công kích t× xa
Vû khí khä døng: Phi Kiªm, Phi ðao
H® ð£c thù: Thüy, höa là hai thuµc tính chü yªu trong công kích cüa Nga My Thu§t Sî.
Ti«m nång chü yªu: Trí Tu®",
fmIndex,"Chß·ng môn nhân hi®n tÕi là BÕch My Lão T±. Yêu c¥u cüa môn phái là t¤t cä ð® tØ ð«u phäi xu¯ng tóc tu hành. Ph§t môn còn có mµt v¸ th¥n tång ðÑc cao v÷ng tr÷ng h½n cä BÕch My Lão T± chính là Thiên Mông Lão Thi«n Sß. Nhßng v¸ ti«n b¯i này ðã t× lâu bi®t vô âm tích.
Chï s¯ c½ bän: Sinh M®nh / Tâm Linh / Cß¶ng Lñc, chï s¯ Tâm Linh m²i giây s¨ tñ ðµng h°i phøc 10 ði¬m, gi¾i hÕn 100 ði¬m.
¿u thª môn phái: Khä nång kháng kích cñc mÕnh
Khuyªt ði¬m môn phái: Khä nång sØ døng pháp thu§t ð¬ ð¯i phó v¾i ð¯i thü công kích t× xa th¤p
Tác døng t± ðµi: V¸ trí tiªp nh§n sát thß½ng do ð¯i thü gây ra
Vû khí khä døng: Thi«n Trßþng, Th¥n Côn
H® ð£c thù: Ph§t pháp, höa là hai thuµc tính chü yªu trong công kích cüa Ph§t Môn Tång Nhân
Ti«m nång chü yªu: SÑc MÕnh",
fuben01_sheshan,"Xà S½n",
fuben01_shexue,"Xà Huy®t",
fuben01_shexuejitan,"Xà Huy®t Tª Ðàn",
fuben02_cysdilao,"H¡c Phong Ðß¶ng Ð¸a Lao",
fuben02_hxddidao,"H¡c Phong Ðß¶ng Ð¸a ÐÕo",
fuben02_hxdkefang,"H¡c Phong Ðß¶ng Khách Phòng",
fuben02_hxdneitang,"H¡c Phong Ðß¶ng Nµi Sänh",
fuben02_hxdzhengdian,"H¡c Phong Ðß¶ng Chính Ði®n",
fuben02_zawufang,"Phòng TÕp Vø",
fuben03_guchen,"Ð¢ng Tu Ðµng C± Thành",
fuben03_lingshoulin,"Ð¢ng Tu Ðµng Linh Thú lâm",
fuben03_taoyuan,"Ð¢ng Tu Ðµng Ðào Nguyên Thôn",
guild_jianxian,"Kiªm Tiên Ðài: Sau khi nâng c¤p Thiên Nguyên Ðïnh lên c¤p 2 thì có th¬ xây dñng, là lña ch÷n hàng ð¥u ð¬ nh§n ðßþc ði¬m c¯ng hiªn. Ð¬ tr· thành kiªm tiên, c¥n phäi träi qua mµt con ðß¶ng tu luy®n gian kh±. Các Kiªm tiên ti«n b¯i ðã ð¬ lÕi nhi«u thØ thách nan giäi, chï có giäi ðáp nhæng câu ð¯ này m¾i có th¬ nâng cao nång lñc bän thân. Hoàn thành nhi®m vø còn có th¬ tång ði¬m c¯ng hiªn cho bang hµi, tång ðµ ph°n vinh bang hµi. Khi Sinh M®nh Chi Thø và Kiªm Tiên Ðài thång c¤p thì s¨ có th¬ nh§n nhi®m vø bang hµi c¤p ðµ cao h½n.  ",
guild_shenming,"Sinh m®nh chi thø: Tßþng trßng cho sñ ph°n vinh cüa bang hµi, c¤p ðµ cüa Sinh m®nh chi thø chính là c¤p ðµ cüa bang hµi. C¤p ðµ cüa bang hµi càng cao thì s¯ lßþng thành viên có th¬ thu nÕp cûng s¨ tång theo, tr· nên ngày càng hßng th¸nh. C¤p ðµ cüa Sinh m®nh chi thø quyªt ð¸nh s¯ ngß¶i cüa bang hµi.",
guild_taixu,"Thái Hß Ðµng: N½i tu hành cüa tiên nhân trß¾c khi phi thång. N½i ðây có ¦n chÑa r¤t nhi«u linh lñc và tiên bäo. M²i ngày bang chü có th¬ khai khoáng · ðây mµt l¥n , thu ðßþc koáng thÕch gia tång linh lñc, có th¬ phân phát cho m÷i ngß¶i. C¤p ðµ cüa Sinh m®nh chi thø và Thái Hß Ðµng quyªt ð¸nh loÕi khoáng thÕch thu ðßþc. ",
guild_tianyuan,"Thiên Nguyên Ðïnh: Là c½ thÕch cüa lãnh ð¸a bang hµi. ThÑ tñ xây dñng nhæng công trình ban ð¥u cüa bang hµi thß¶ng nhß sau: Thiên Nguyên Ðïnh, Kiªm Tiên Ðài, Sinh M®nh Chi Thø, tÕi ðây có th¬ quyên góp ngân lßþng ð¬ ð±i l¤y ðµ c¯ng hiªn bang hµi. 1 ði¬m c¯ng hiªn bang hµi tß½ng ðß½ng 1 ði¬m ph°n vinh cüa bang hµi. Xây dñng các công trình trong bang hµi ho£c nâng c¤p cho các công trình ð«u c¥n ðÕt ðªn mµt ðµ ph°n vinh nh¤t ð¸nh. Do ðó phäi tång ðµ ph°n vinh bang hµi m¾i có th¬ phát tri¬n bang hµi, giúp thành viên trong bang nh§n thêm nhi«u lþi ích. Ðµ ph°n vinh cüa bang hµi có th¬ ðßþc tång b¢ng cách quyên góp ho£c hoàn thành các nhi®m vø bang hµi cüa Kiªm Tiên Ðài. M²i thành viên 1 ngày t¯i ða thu ðßþc 600 ði¬m c¯ng hiªn, tÑc là có th¬ khiªn ðµ ph°n vinh bang hµi tång 600 ði¬m, vì thª m÷i ngß¶i ð«u phäi c¯ g¡ng n² lñc m¾i có th¬ g¥y dñng bang hµi ngày càng hùng mÕnh. Thiên Nguyên Ðïnh cûng chính là thß½ng kh¯ bang hµi, thành viên nào cûng có th¬ gØi ngân lßþng và vào xem, nhßng chï có trß·ng lão tr· lên m¾i có th¬ rút ngân lßþng và tiªn hành phân ph¯i. S¯ ngân lßþng dùng ð¬ xây dñng bang hµi chính là s¯ ngân lßþng trong thß½ng kh¯, vì thª phäi ðäm bäo ngân lßþng trong thß½ng kh¯ luôn ðü. Nªu có thông báo 'Tài nguyên không ðü' thì hãy xem lÕi thß½ng kh¯. C¤p ðµ cüa Thiên Nguyên Ðïnh chính là c½ s· cho các công trình khác. Ngoài ra khi Thiên Nguyên Ðïnh lên ðªn c¤p 5 thì thß½ng kh¯ bang hµi tñ ðµng m· rµng thành 2 trang.",
guild_xianling,"Tiên Linh Các: N½i c¤t giæ nhæng v§t ph¦m quý hiªm cüa tiên gia, có th¬ mua ðßþc mµt s¯ v§t ph¦m ð£c bi®t · ðây, r¤t có lþi cho vi®n tu hành, nhßng nhæng thành viên bang hµi phäi ðÕt ðªn mµt mÑc ðµ c¯ng hiªn bang hµi nh¤t ð¸nh m¾i có th¬ mua ðßþc v§t ph¦m · ðây. MÑc ðµ c¯ng hiªn bang hµi có th¬ tång b¢ng cách quyên góp · Thiên Nguyên Ðïnh ho£c hoàn thành nhi®m vø · Kiªm Tiên Ðài.",
help_fabaoxitong,"H® Th¯ng Pháp Bäo",
help_jibencaozuo,"Thao Tác C½ Bän",
help_jingjichang,"Quy t¡c tu luy®n trß¶ng",
help_liaotianxitong,"H® Th¯ng Tán Gçu",
help_paimaixitong,"H® Th¯ng Ð¤u Giá ",
help_renwuxitong,"H® Th¯ng Nhi®m Vø ",
help_shenghuojineng,"H® Th¯ng KN Sinh HoÕt",
icon_cash,MCash,
inherence_bingfeidaojiaqiang,"Bång Phi Ðao Tång Cß¶ng",
inherence_bingfeidaojichu,"Bång Phi Ðao Cån Bän",
inherence_huojianjiaqiang,"Höa Phi Kiªm Tång Cß¶ng",
inherence_huojianjichu,"Höa Phi Kiªm Cån Bän",
inherence_series_bingfeidaoshuoming,"Hß¾ng dçn-Bång Phi Ðao H® ",
inherence_series_bingfeidaoxi,"Bång Phi Ðao H® ",
inherence_series_huofeijianshuoming,"Hß¾ng dçn-Höa Phi Kiªm H® ",
inherence_series_huofeijianxi,"Höa Phi Kiªm H® ",
ip_00a,"40 ði¬m ÐÕo Cø Bao ",
ip_00a_se,"40 ði¬m ÐÕo Cø Bao (Lam Trang)",
ip_00b,"140 ði¬m ÐÕo Cø Bao ",
ip_00b_se,"140 ði¬m ÐÕo Cø Bao (Lam Vû)",
ip_aa8,"Bµ Phong Tr¡c Th¥n M§t Gi¾i Chï ",
ip_aa8_desc,"Ðính kèm 1 ÐÕo Cø Bao, khi sØ døng s¨ ðßþc 'Bµ Phong Tr¡c Th¥n M§t Gi¾i Chï'",
ip_aa9,"Bµ Bäo ThÕch",
ip_aac,"Bµ 150 ði¬m",
ip_aad,"Bµ 300 ði¬m",
ip_aae,"Bµ Xung Trang Bäo ThÕch",
ip_aaf,"Bµ Träi Nghi®m KÏ Binh",
ip_back,"Bµ H°i QuÛ L­ V§t",
ip_bhcard,"Thøc S½n L®nh Bài c¤p 1 - Bách Hoa",
ip_blueitem,"Bao Huyªt Kim Th¤t S¡c ",
ip_box,"Bao Linh Lñc May M¡n",
ip_common,"ÐÕo Cø Bao",
ip_common_desc,"Ðính kèm 1 ÐÕo Cø Bao, khi sØ døng s¨ ðßþc 1 ðÕo cø chï ð¸nh",
ip_emcard,"Thøc S½n L®nh Bài c¤p 1 - Nga My",
ip_fcard,"MOL Freedom Card",
ip_fmcard,"Thøc S½n L®nh Bài c¤p 1 - Ph§t Môn",
ip_horse1,"Bµ Bình Bµ Thanh Vân",
ip_horse2,"Bµ KÜ Thú - Xích Di­m Mã ",
ip_horse3,"Bµ KÜ Thú - Nguy®t Hùng",
ip_horse4,"Bµ KÜ Thú - BÕch Hùng",
ip_love,"Bµ Tình Thß½ng 'KÏ Di®u'",
ip_new,"Bµ Tân Thü Trang B¸",
ip_pet,"Bµ Süng V§t KÏ Duyên",
ip_qccard,"Thøc S½n L®nh Bài c¤p 1 - Thanh Thành",
ip_seven,"Bµ Th¤t Tinh Thái Tinh",
ip_start,"Bµ Tân Thü 'KÏ di®u'",
ip_tianfu,"Thøc S½n L®nh Bài c¤p 2",
ip_wushuang,"Thøc S½n L®nh Bài c¤p 3",
ip_xqcard,"Thøc S½n L®nh Bài c¤p 1 - Tiên C¥m",
item_mod_class1,"H² Trþ ",
item_mod_class2,"Bäo ThÕch",
item_mod_class3,"Ðan Dßþc",
item_mod_class4,"Trang B¸ ",
item_mod_class5,"Thu¥n Thú",
item_mod_class6,"KÜ Thú ",
item_mod_class7,"Sñ Ki®n",
item_mod_class8,"Nhi®m Vø",
map_continent1,"ÐÕi Løc Tây Bµ ",
map_zone01,"Thành Ðô ",
map_zone02,"H¡c Phong TrÕi",
map_zone03,"Thiên Hóa Thôn",
map_zone04,"Quª Hoa S½n",
map_zone05,"H± Träo S½n",
map_zone06,"Thanh Loa S½n",
map_zone07,"Tuyªt S½n",
map_zone08,"Døc Thanh Thôn",
map_zone09,"Vân Linh S½n",
map_zone10,"Ngßng Bích Nhai",
map_zone11,"Nga My S½n",
map_zone12,"Thanh Thành S½n",
map_zone13,"H¡c C¯c",
map_zone14,"Bách Hoa S½n",
map_zone15,"Mãng Thß½ng S½n",
map_zone16,"Huyªt Th¥n S½n",
map_zone17,"Ð¾i Gia Trß¶ng",
map_zone18,"Ð¤u Trß¶ng S½ C¤p",
map_zone19,"Ð¤u Trß¶ng Cao C¤p",
map_zone20,"Ð¤u Trß¶ng Nhóm",
msg_point_shop_promotion_text," == KÏ Trân Các công báo ==",
new_role_hair_faxing1,"Ki¬u tóc 1",
new_role_hair_faxing2,"Ki¬u tóc 2",
new_role_hair_faxing3,"Ki¬u tóc 3",
new_role_hair_faxing4,"Ki¬u tóc 4",
new_role_hair_faxing5,"Ki¬u tóc 5",
new_role_head_lianxing1,"Dung mÕo1",
new_role_head_lianxing2,"Dung mÕo2",
new_role_head_lianxing3,"Dung mÕo3",
new_role_head_lianxing4,"Dung mÕo4",
new_role_head_lianxing5,"Dung mÕo5",
npc_1,"Ti¬u Gia Th¯ ",
npc_10,"Linh Chi Tiên",
npc_100,"Ti¬u Nh¸ ",
npc_1000,"Làm mçu nhi®m vø hµ t¯ng",
npc_1001,"Thí Nghi®m Hùng Miêu Nhân",
npc_1002,"Tâm Ðång",
npc_1003,"Kim Thi«n",
npc_1004,"Höa Di®m Thiên La",
npc_1005,"Hàn Bång Ð¸a Võng",
npc_1006,"Túy ÐÕo Nhân",
npc_1007,"Tùng Nhi",
npc_1008,"HÕc Nhi",
npc_101,"Ti¬u Gia Th¯ ",
npc_102,"Hß½ng Thân Thành Ðô ",
npc_103,"Næ Hi®p ThÕch Ng÷c Châu",
npc_104,"T« Linh Vân ",
npc_105,"Chu Vån ",
npc_106,"Kho Báu",
npc_107,"Ð¯ng Cüi Khô ",
npc_108,"Chß·ng Qu¥y",
npc_109,"Thiªt Tßþng",
npc_11,"Xà Thü Bµ Ð¥u",
npc_110,"U Minh Phán Quan",
npc_111,"Chu Thu¥n",
npc_112,"Nhiêm Tiên Lý Nguyên Hóa",
npc_113,"Tri Khách Li­u Nh¤t",
npc_114,"S½n Dân V® Sî ",
npc_115,"Ti¬u S½n Dân",
npc_116,"S½n Dân Trß·ng Lão",
npc_117,"Mãng Xà ",
npc_118,"Hoàng Lang",
npc_119,"Mãnh QuÖ ",
npc_12,"Ð¥u Møc Xà Phï ",
npc_120,"Oan Linh",
npc_121,"H¡c Phong Kim Cang",
npc_122,"Thª Thân cüa Mao Thái",
npc_123,"Du ÐÑc",
npc_124,"H¡c Phong Tu¥n Binh",
npc_125,"Cß¶ng ÐÕo Hãn Phï ",
npc_126,"Thü Lînh Cß¶ng ÐÕo ",
npc_127,"Thôn Dân",
npc_128,"Dßþc Sß ",
npc_129,"Trß½ng Dao Thanh",
npc_13,"Phi Ngô Công",
npc_130,"Trß½ng KÏ ",
npc_131,"ÐÕo Ð°ng",
npc_132,"Thiªu Niên Chu Vân Tòng",
npc_133,"Lão Kim Nhu",
npc_134,"Ti¬u Tam TØ ",
npc_135,"Kho Báu",
npc_136,"Kho Báu",
npc_137,"Kho Báu",
npc_138,"Kho Báu",
npc_139,"Kho Báu",
npc_14,"Chí MÕng Ngô Công",
npc_140,"Kho Báu",
npc_141,"Kho Báu",
npc_142,"Ð¯ng Cö Khô",
npc_143,"Thông Linh BÕch Th¯ ",
npc_144,"Tinh Anh Lâm Mãng Xà ",
npc_145,"Ðµc Ma Cô ",
npc_146,"Tinh Anh Lâm Xà Vß½ng",
npc_147,"Tinh Anh TÕp D¸ch Xà Thü ",
npc_148,"Tinh Anh Xà Thü Bµ Ð¥u",
npc_149,"Tinh Anh Ð¥u Møc Xà Phï ",
npc_15,"QuÖ Höa",
npc_150,"Tinh Anh QuÖ Höa",
npc_151,"Tinh Anh Sát Huyªt H°n",
npc_152,"Tinh Anh Ác QuÖ ",
npc_153,"Tinh Anh QuÖ Trß·ng",
npc_154,"Tinh Anh Kim Giác Mãng Xà ",
npc_155,"Tinh Anh Hi®u Úy Xà Thü ",
npc_156,"Song Ð¥u Xà Quái",
npc_157,"QuÖ Phong Yêu ÐÕo",
npc_158,"Xà Yêu Hóa Thân",
npc_159,"Nguyên Th¥n Xà Yêu",
npc_16,"Sát Huyªt H°n",
npc_160,"Tân Ma Cô",
npc_161,"A Ð°ng",
npc_162,"Th¯ TØ Ti¬u Thß½ng",
npc_163,"Ti¬u Hoàn",
npc_164,"Ti¬u Khôi Th¯",
npc_165,"Tinh Anh QuÖ Trß·ng",
npc_166,"Tinh Anh QuÖ Trß·ng",
npc_167,"Tinh Anh QuÖ Trß·ng",
npc_168,"Sát Huyªt Tùy Tùng",
npc_169,"Tinh Anh Tu¥n La B± Ð¥u",
npc_17,"Oán QuÖ ",
npc_170,"Tinh Anh Tu¥n La TÕp D¸ch",
npc_171,"Tinh Anh Tu¥n La B± Ð¥u",
npc_172,"Tinh Anh Tu¥n La B± Ð¥u",
npc_173,"Phong „n Môn",
npc_174,"Nhi­m Tà Ma Cô",
npc_175,"Nhi­m Tà Bào TØ",
npc_176,"Tà Nhân Ðµc Khu¦n",
npc_177,"Nhi­m Tà Ma Cô",
npc_178,"Thø Giam Linh H°n",
npc_179,"Phong „n Môn",
npc_18,"Ác QuÖ ",
npc_180,"Xà Thü Vu Bà",
npc_181,"Nguyên Th¥n Xà Yêu",
npc_182,"Lý H°ng",
npc_183,"Quän Lý Thß½ng Kh¯ ",
npc_184,"Tinh Anh QuÖ Trß·ng",
npc_185,"Thiªt Thú ",
npc_186,"Ðào Tinh",
npc_187,"Thu¥n Thiªt Thú ",
npc_188,"Ðào Hoa Yêu",
npc_189,"Thiªt Nhân",
npc_19,"S½n Tinh ",
npc_190,"Kim Ðà ",
npc_191,"NgÕc Ngß ",
npc_192,"Xuyên S½n Giáp",
npc_193,"Höa ThÕch Quái",
npc_194,"Th¥n NgÕc",
npc_195,"H¡c ThÕch Quái",
npc_196,"Thiªt Cñ Nhân",
npc_197,"H°ng Hoa Bà Bà Giä MÕo",
npc_198,"Phi Long Sß Thái",
npc_199,"TÕp D¸ch Ð°ng TØ ",
npc_2,"ÐÕi S½n Lang",
npc_20,"Tà Hoa Thiªu Gia",
npc_200,"TÕp D¸ch Ð°ng TØ ",
npc_2001,"Chu Thäo",
npc_2002,"Dã Ma Cô",
npc_2003,"Ðan Sâm",
npc_2004,"HÕ Cô Thäo",
npc_2005,"Chu Quä",
npc_2006,"L® Chi Thäo",
npc_2007,"B¡c Thäo Ô",
npc_2008,"Hà Thü Ô",
npc_2009,"Kim Ngân Hoa",
npc_201,"Ti¬u Dã Th¯ ",
npc_2010,"La Hán Quä",
npc_2011,"Ðµc C¥n",
npc_2012,"ThÕch Ðiªu Lan",
npc_2013,"Vô Hoa Quä",
npc_2014,"Vô Cân Ð¢ng",
npc_2015,"Bách Lý Hß½ng",
npc_2016,"Tranh H°ng ThÕch",
npc_2017,"BÕch Vân ThÕch",
npc_2018,"BÕch Lñu ThÕch",
npc_2019,"Di®p LÕp ThÕch",
npc_202,"Ti¬u S½n Lang",
npc_2020,"Tiêm Tinh ThÕch",
npc_2021,"Tr÷ng Tinh ThÕch",
npc_2022,"Thüy MÛ ThÕch",
npc_2023,"Ngoan Höa ThÕch",
npc_2024,"Lã Lñu ThÕch",
npc_2025,"Ði¬n Ngân ThÕch",
npc_203,"Lang Vß½ng Th¸ V® ",
npc_204,"Tinh Anh Lang Vß½ng",
npc_205,"Ti¬u Trß Di®n Miêu",
npc_2050,"TrÕm D¸ch Chuy¬n Thành Ðô ",
npc_2051,"TrÕm D¸ch Chuy¬n Thành Ðô ",
npc_2052,"TrÕm D¸ch Chuy¬n Thành Ðô ",
npc_2053,"TrÕm D¸ch Chuy¬n Thiên Hoa Thôn",
npc_2054,"TrÕm D¸ch Chuy¬n Døc Thanh Thôn",
npc_2055,"TrÕm D¸ch Chuy¬n Quª Hoa Thôn",
npc_2056,"TrÕm D¸ch Chuy¬n Trß¶ng Sa Tr¤n",
npc_2057,"TrÕm D¸ch Chuy¬n Chþ Thanh Thüy Bá ",
npc_2058,"TrÕm D¸ch Chuy¬n Thanh Loa s½n",
npc_2059,"TrÕm D¸ch Chuy¬n Tuyªt S½n Thôn",
npc_206,"Ti¬u Cß¶ng",
npc_2060,"TrÕm D¸ch Chuy¬n Mã Hùng Thôn",
npc_2061,"TrÕm D¸ch Chuy¬n QuÖ H¯ng Lâm",
npc_2062,"Thành Ðô",
npc_2063,"L¯i Vào Ð¤u Trß¶ng S½ C¤p",
npc_2064,"L¯i Vào Ð¤u Trß¶ng Cao C¤p",
npc_2065,"Quän lý S½ C¤p",
npc_2066,"Quän lý Cao C¤p",
npc_2067,"TrÕm D¸ch Chuy¬n Ngßng Bích Nhai",
npc_2068,"TrÕm D¸ch Chuy¬n H± Träo S½n",
npc_2069,"TrÕm D¸ch Chuy¬n Doanh TrÕi Ði«u Thß½ng",
npc_207,"Thß Ti¬u Cß¶ng",
npc_208,"Ti¬u Cß¶ng ÐÕi Vß½ng",
npc_209,"A Hoàng",
npc_21,"Ðµc Ma Cô ",
npc_210,"Cß¶ng ÐÕo Phï Binh",
npc_211,"Cß¶ng ÐÕo Nh¸ Ðß½ng Gia",
npc_212,"Thß½ng Tâm Thôn dân ",
npc_213,"BÕch Mi T± Sß ",
npc_214,"Trung Trß Di®n Miêu",
npc_215,"Quyªt KÏ ",
npc_216,"Ti¬u Ma Cô",
npc_217,"ÐÕi Ma Cô",
npc_218,"Ti¬u Song Ð¥u Xà ",
npc_219,"Ti¬u Báo",
npc_22,"Dã Th¯ ",
npc_220,"Ti¬u H¡c Báo",
npc_221,"H¡c Báo",
npc_222,"Lßu Phï ",
npc_223,"Cß¶ng ÐÕo",
npc_224,"Ác QuÖ Hung Linh",
npc_225,"Thþ Sån",
npc_226,"U Linh",
npc_227,"Sài Lang",
npc_228,"Phi Xà ",
npc_229,"Hoa Bách Hþp",
npc_23,"H¡c Y T£c",
npc_230,"Ti¬u Thanh Xà ",
npc_231,"Ng÷c Thanh ÐÕi Sß ",
npc_232,"Ngß¶i dçn ðß¶ng (c¤p ðµ 5-15 nên ðªn Døc Thành Thôn)",
npc_233,"Ti¬u Nh¸ ",
npc_234,"Xà Vß½ng Cänh V® ",
npc_235,"Biªn D¸ Trúc Di®p Thanh",
npc_236,"Xà Nhân Thü V® ",
npc_237,"Xà Phï Tß¾ng Quân",
npc_238,"Ngô Công Hµ V® ",
npc_239,"QuÖ ÐÕo Hµ V® ",
npc_24,"Tiên Linh Ngô Công",
npc_240,"Ti¬u Hùng Miêu",
npc_241,"Hß½ng Khách KÏ Quái",
npc_242,"Ngøy Thanh Giä MÕo",
npc_243,"Sát Thü ",
npc_244,"Phï Ð° N£c Danh",
npc_245,"H¡c Phong Mãnh Binh",
npc_246,"Thü V® Ngøy Gia Thôn",
npc_247,"Ngøy Thanh Hµ V® ",
npc_248,"Long Phi Hµ V® ",
npc_249,"Tùy Tùng Phi T£c",
npc_25,"Phân Thân cüa QuÖ Phong Yêu ÐÕo",
npc_250,"Truy Tung Phï Ð° ",
npc_251,"Kim T¢m Hµ V® ",
npc_252,"Ði«n Biên Ðµc Dång",
npc_253,"Thø Giam CØ Nhân",
npc_254,"Khâu Lâm",
npc_255,"Ð® TØ Mao Thái",
npc_26,"Dã Lang",
npc_260,"Mao Thái",
npc_261,"Long Phi",
npc_262,"Løc Bào Lão T± ",
npc_263,"Lý Nguyên",
npc_264,"Hi¬u Nguy®t Thi«n Sß ",
npc_265,"Kim T¢m Bách C± Ðµc",
npc_266,"Tiêu Hiên",
npc_267,"Tinh Anh Phï Ð°",
npc_268,"Tinh Anh Ác Träo Nha",
npc_269,"Tinh Anh H¡c Y T£c",
npc_27,"Thái Hoa T£c",
npc_270,"Tinh Anh Tà Hoa Thiªu Gia",
npc_271,"Tinh Anh Thái Hoa T£c",
npc_272,"Tinh Anh Phong Tr¥n Næ Sî ",
npc_273,"Tinh Anh H¡c Báo",
npc_274,"Tinh Anh Chí MÕng Ngô Công",
npc_275,"Sài Lang",
npc_276,"Tinh Anh H¡c Phong Tu¥n Binh",
npc_277,"Tinh Anh H¡c Phong Kim Cang",
npc_278,"Tinh Anh H¡c Phong Kim Cang",
npc_279,"Tinh Anh H¡c Phong Kim Cang",
npc_28,"Phï Ð° ",
npc_280,"Dß½ng Hoa",
npc_281,"Tiêu Hiên",
npc_282,"Tiêu Hiên",
npc_283,"Tiêu Hiên",
npc_284,"Long Phi",
npc_285,"Sài Lang",
npc_286,"Sài Lang",
npc_287,"Thiªt Tßþng",
npc_288,"Dßþc Sß ",
npc_289,"Quän Lý Thß½ng Kh¯ ",
npc_29,"Thiên Niên Xà Yêu",
npc_290,"Chß·ng Qu¥y",
npc_2901,"Phong „n Tháp",
npc_2902,"Thüy Tinh Tháp",
npc_2903,"Công Thành L®nh KÏ ",
npc_2904,"Quän Lý Công Thành",
npc_2905,"Thành Môn",
npc_291,"Tân Dã Quä ",
npc_2910,"Huyªt Th¥n Hµ V® ",
npc_2911,"Bång Xuyên Ngân H° ",
npc_2912,"Huyªt Th¥n C§n Th¸ ",
npc_2913,"Huyªt Th¥n Tß¾ng",
npc_2914,"Huyªt Th¥n SÑ Giä ",
npc_292,"Tây Vñc Yêu Nhân",
npc_293,"Tây Vñc Li®t Khuy¬n",
npc_294,"Tây Vñc Ma Binh",
npc_295,"Thñc Hü NgÕc Ngß",
npc_296,"H°ng Ð¥u Th¯c ThÑu",
npc_297,"Thü Lînh Th¯c ThÑu",
npc_298,"Th¯c ThÑu Hµ V® ",
npc_299,"Ð¢ng Tu Quái",
npc_3,"ÐÕi Trß Di®n Miêu",
npc_30,"Ác Träo Nha",
npc_300,"Lâm Chß·ng H¡c Hùng",
npc_3003,"Di®u Nh¤t Phu Nhân",
npc_3004,"Lý Anh QuÏnh",
npc_3005,"Viên Tinh",
npc_3006,"Thanh Phong",
npc_3007,"Minh Nguy®t",
npc_3008,"Nam Ð® TØ Nga My",
npc_3009,"Næ Ð® TØ Nga My",
npc_301,"Tuyªt S½n Phi Xà ",
npc_3010,"Ðoän Vî H¥u",
npc_3012,"Nhøc Chi",
npc_3013,"Thiên Niên Nhøc Chi",
npc_3014,"ThÕch Duçn Cñ Nhân",
npc_302,"Tây Phß½ng Dã Ma",
npc_303,"Dã Ma Hµ V® ",
npc_304,"Khoáng ThÕch Cñ Nhân",
npc_305,"Cao S½n Dã Lang",
npc_306,"Tuyªt ¿ng",
npc_307,"Báo Tuyªt",
npc_308,"Vi­n C± Tuyªt Nhân",
npc_309,"Tuyªt S½n Cñ Nhân",
npc_31,"Kim Quang Ðïnh",
npc_310,"Tuyªt S½n Cß¶ng ÐÕo",
npc_3101,"Ti¬u Sa My Duy Thi®n",
npc_3102,"Ti¬u Sa My Duy Thanh",
npc_3103,"Ti¬u Sa My Duy Minh",
npc_3104,"Nam Thø Thü V®",
npc_3105,"Thiên Niên Nam Thø Thü V®",
npc_3106,"Lão Nam Thø ",
npc_3107,"Ph§t Nô ",
npc_3108,"BÕch Ðiêu",
npc_311,"Thanh Vi­n Tñ Yêu Nhân",
npc_3110,"Ti¬u Dã Trß ",
npc_3111,"Dã Trß",
npc_3112,"Ti¬u S½n Viên",
npc_3113,"S½n Viên",
npc_3114,"Ti¬u S½n Lang",
npc_3115,"Ti¬u Huyªt Tinh Linh",
npc_3118,"Huyªt Tinh Linh ",
npc_3119,"ÐÕi Huyªt Tinh Linh",
npc_312,"PhÕm Nã Gia Âm Nh¸ ",
npc_3120,"Ngßng Bích Nhai Thäo Dßþc",
npc_3121,"M§t Ðµng Ti¬u Dã Trß ",
npc_3122,"M§t Ðµng Dã Trß",
npc_3123,"M§t Ðµng Dã Trß Vß½ng",
npc_3124,"M§t Ðµng Xuyên S½n Giáp",
npc_3125,"M§t Ðµng Ti¬u Tinh Linh ",
npc_3126,"M§t Ðµng Tinh Linh ",
npc_3127,"M§t Ðµng ÐÕi Tinh Linh",
npc_3128,"M§t Ðµng Cñ Tinh Linh",
npc_3129,"Ð® TØ Ph§t Môn",
npc_313,"Yêu Nhân Hµ V®",
npc_314,"Ma Cung Träo Nha",
npc_315,"Thi Th¬ ",
npc_316,"Tuyªt Ð¸a Cao Lß½ng TØu",
npc_317,"Bát Cô",
npc_318,"Tuyªt S½n Thôn Li®t Hµ ",
npc_319,"Tuyªt S½n Thôn Lang Trung",
npc_32,"Trß½ng Lßþng",
npc_320,"Thß½ng Nhân Thuµc Da",
npc_3202,"ÐÕo Ð°ng Thanh Tùng",
npc_3203,"ÐÕo Ð°ng Thanh Vân",
npc_3204,"Ti¬u Dã Trß",
npc_3205,"Dã Trß",
npc_3206,"Dã Viên",
npc_3207,"Cñ Hình Dã Viên",
npc_3208,"ThÕch Ð¥u Nhân",
npc_3209,"ThÕch Tinh Quái",
npc_321,"Tuyªt S½n Thôn Thôn Trß·ng",
npc_3210,"Túy Tiên Thäo",
npc_322,"Lßu ÐÕi Thúc",
npc_323,"Thß½ng Hµi Trß·ng",
npc_324,"Ngß¶i H¥u Thß½ng Hµi Trß·ng",
npc_325,"Thiªt Tßþng Tuyªt S½n Thôn",
npc_326,"Dßþc Sß Tuyªt S½n Thôn",
npc_327,"Nguyên Th¥n Bát Cô ",
npc_328,"HÑa Vi®t",
npc_329,"Hàng Hóa Th¤t LÕc",
npc_33,"Tiªt Mãng Xà ",
npc_330,"Rß½ng Cû ",
npc_3301,"Chu Khinh Vân",
npc_3302,"T¯ Nhân Sß Thái",
npc_3304,"Ngô Vån KÏ ",
npc_3305,"Ti¬u Ni Cô Ð¸nh Nhàn",
npc_3306,"Ti¬u Ni Cô Ð¸nh Hu® ",
npc_3307,"Ti¬u Ni Cô Ð¸nh Hß ",
npc_3308,"Nam Ð® TØ Bách Hoa",
npc_3309,"Næ Ð® TØ Bách Hoa",
npc_331,"Hü Bì Sài Lang",
npc_3310,"Thñc Hoa Thú ",
npc_3311,"Kim Liên Hoa",
npc_3312,"Lôi Công Ð¢ng",
npc_3313,"Thüy Tinh Linh",
npc_3314,"Ti¬u Linh Hoa Tiên",
npc_3315,"ÐÕi Hi®p †n Cß",
npc_3316,"Ti¬u Thüy Tinh",
npc_3317,"Ti¬u Thñc Hoa Thú",
npc_3318,"Ti¬u Lôi Công Ð¢ng",
npc_3319,"Thüy Tinh Tß¾ng",
npc_332,"H°ng Ð¥u Th¯c ThÑu",
npc_3320,"Ô Ð¢ng Hoa Tiên",
npc_3321,"Huyªt Ma Tàn Linh",
npc_3322,,
npc_3323,"Ð® TØ Bách Hoa",
npc_333,"Quän Lý Bßu Ki®n",
npc_334,"Døc Thành Thôn Thôn Trß·ng",
npc_335,"Trinh Sát Thôn Dân",
npc_336,"Chiªn Mã",
npc_337,"Mã T£c Nµi ºng",
npc_338,"Cáo Th¸ ",
npc_339,"Thü Lînh Lßu Kh¤u",
npc_34,"Âm Dß½ng Lão Ông",
npc_340,"Chiªn Lang",
npc_3402,"BÕch Anh Vû",
npc_3403,"L² Hiªu",
npc_3404,"L² V§t Ác",
npc_3405,"H± Ð¥u Nhân",
npc_3406,"SØu Tiên Nhân L² C¦n",
npc_3407,"Ngßu Nh¸ Luy®n Giä ",
npc_3408,"Biªn Hình Ti¬u Khuy¬n",
npc_3409,"Ti¬u Mµc Nhân",
npc_341,"Thü Lînh Mã T£c",
npc_3410,"Ti¬u Phi Tiên",
npc_3411,"Anh Vû",
npc_3412,"Ti¬u Thø Linh",
npc_3414,"D¸ Hóa Lang Nhân",
npc_3416,"Ngû Ðài H°n Phách",
npc_3417,"Miêu Cß½ng H°n Phách",
npc_3418,"ÐÕi Thøc Linh",
npc_3419,"Tiên C¥m Tán Tiên",
npc_342,"SÑ Giä Vô My",
npc_3420,"H¡c C¯c Thäo Mµc",
npc_3421,"Chiªn Mã ",
npc_3422,"Báo Tuyªt",
npc_3423,"Ti¬u Trß Di®n Miêu",
npc_3424,"Ti¬u Khôi Th¯ ",
npc_343,"Tiên Gia ÐÕo Trß·ng",
npc_344,"ThÕch Bia",
npc_345,"Thø Mê Nam Nhân",
npc_346,"Oán Linh",
npc_347,"Lân Höa",
npc_348,"Oan H°n",
npc_349,"Ð¯ng Cö Khô ",
npc_35,"Xích Di­m ÐÕo Nhân",
npc_350,"S½n Lâm Dã Lang",
npc_351,"Thü Lînh Kim Nhu",
npc_352,"Tùng Lâm NgÕc Ngß ",
npc_353,"H± Vß½ng",
npc_354,"Dã La Vß½ng",
npc_355,"S½n Dân Hµ Pháp",
npc_356,"S½n Lâm Mµc Tu Quái",
npc_357,"C± Thành Tà Linh",
npc_358,"Ti¬u Dß½ng Thông",
npc_359,"Linh Chi Tiên",
npc_36,"Thiªt Chung ÐÕo Nhân",
npc_360,"Ti¬u Dã La",
npc_361,"Kim Mao Viên",
npc_362,"Thß½ng Phong TØ ",
npc_363,"S½n Dân Thiªt Tßþng",
npc_364,"Ti¬u Tam Nhi",
npc_365,"S½n Dân Thôn Phø ",
npc_366,"S½n Dân Thß½ng Nhân",
npc_367,"Trß½ng Gia Ti¬u ÐÕo Sî ",
npc_368,"Vû H§u Xuân Duçn",
npc_369,"Tri®u Yªn Nhi",
npc_37,"Kim T¢m Bách C± Ðµc",
npc_370,"Ti¬u Xuyên S½n Giáp",
npc_371,"Døc Thành Thôn ",
npc_372,"Dßþc Sß Døc Thành Thôn ",
npc_373,"Quän Lý Thß½ng Kh¯ Døc Thành Thôn",
npc_374,"Chß·ng Qu¥y Døc Thành Thôn ",
npc_375,"Ti¬u Nh¸ Døc Thành Thôn",
npc_376,"Kim Ðà Hµ V® ",
npc_377,"Nhi­m Tà Ðào Thø ",
npc_378,"Tinh Anh Ðào Thø Yêu",
npc_379,"Thiªt Hµ V®",
npc_38,"Tri Phi Thi«n Sß ",
npc_380,"H°ng Hoa Hµ V® ",
npc_381,"Th¥n NgÕc Thü V® ",
npc_382,"Ô Phong Thäo",
npc_383,"H¡c ThÕch Hµ V® ",
npc_384,"Chu Vån",
npc_385,"Nhßþc Lan",
npc_386,"Thiªt Nhân Kì Quái",
npc_387,"Thôn Dân Ðào Hoa Nguyên",
npc_388,"Ðào Hoa Nguyên Trß·ng Lão",
npc_389,"H°ng Hoa Bà Bà Phân Thân",
npc_39,"Hi¬u Nguy®t Thi«n Sß ",
npc_390,"H°ng Hoa Bà Bà ",
npc_391,"Doanh TrÕi Thiªt Tßþng",
npc_392,"S½n Dân Sån B¡t",
npc_393,"Thôn Dân Phích Tà Thôn ",
npc_394,"Dßþc Sß Thành Ðô",
npc_395,"Dßþc Ð°ng Quª Hoa S½n",
npc_396,"Lînh Bäo Thß½ng Nhân",
npc_397,"Tinh Anh Ðµc Dång",
npc_398,"Tinh Anh S½n Dân Hµ V® ",
npc_399,"Tinh Anh Mãng Xà ",
npc_4,"Lão Ti¬u Cß¶ng",
npc_40,"Thø Thß½ng Hùng Miêu Nhân",
npc_400,"Tinh Anh Dã Lang",
npc_401,"Tinh Anh Mµc Tu Quái",
npc_402,"Tinh Anh Dã La",
npc_403,"Tinh Anh Kim Nhu",
npc_404,"C± Ð¢ng Mµc",
npc_405,"C± Ð¢ng Mµc",
npc_406,"Danh Thß½ng Vân Linh S½n ",
npc_407,"Danh Thß½ng H± Träo S½n ",
npc_408,"S½n Dân Dßþc Sß ",
npc_409,"Ðào Hoa Nguyên Trß·ng Lão",
npc_41,"BÕch Vân ÐÕi Sß ",
npc_410,"Thiªt Tßþng Quª Hoa S½n",
npc_4101,"Danh Thß½ng Quª Hoa S½n",
npc_411,"Dßþc Sß Quª Hoa S½n",
npc_412,"Quän Lý Thß½ng Kh¯ Quª Hoa S½n",
npc_413,"Danh Thß½ng Thành Ðô ",
npc_414,"H¡c Phong TrÕi Danh Thß½ng",
npc_415,"Quän Lý Bang Hµi",
npc_416,"Thø Giam Ð°ng Nhi",
npc_417,"TÕp D¸ch Ð°ng Nhi ",
npc_418,"Ð® TØ Nga My",
npc_419,"Nga My Nh§p Môn Ð® TØ  ",
npc_42,"Ng÷c Thanh ÐÕi Sß ",
npc_420,"Ð® TØ Nga My",
npc_4201,"Danh Thß½ng Tuyªt S½n Thôn",
npc_421,"Không Ðà Thi«n Sß ",
npc_422,"Ð® TØ Ph§t Môn",
npc_423,"Ph§t Môn Nh§p Th¤t Ð® TØ ",
npc_424,"Ð® TØ Ph§t Môn",
npc_425,"Trß½ng Dao Thanh ",
npc_426,"Ngô Vån KÏ ",
npc_427,"Løc Ng÷c Thanh",
npc_428,"Ð® TØ Bách Hoa ",
npc_429,"Bách Hoa Nh§p Th¤t Ð® TØ ",
npc_43,"Ti¬u Ni Cô ",
npc_430,"Ð® TØ Bách Hoa ",
npc_4301,"Sß½ng H°n",
npc_4302,"U Linh QuÖ Träo",
npc_4303,"Thâm Uyên QuÖ Binh",
npc_4304,"Bång Sß½ng Tuyªt Nhân",
npc_4305,"Nµ H¯ng Tuyªt Nhân",
npc_4306,"Ma Hóa Tuyªt Quái",
npc_4307,"Chiªn Sî Bång Kiên",
npc_4308,"Chiªn Sî Bång Tinh ",
npc_4309,"Hàn Tuyªt Cñ Nhân",
npc_431,"Rß½ng Thiên SÑ",
npc_4310,"Li®t Di­m Thü V® ",
npc_4311,"Thanh Loa S½n Tu¥n La",
npc_4312,"Thanh Loa S½n Ma Binh",
npc_4313,"Thanh Loa S½n Yêu nhân",
npc_4314,"Thanh Loa S½n Äo Ma",
npc_4315,"Thanh Hoa S½n Ðao phü ",
npc_4316,"Thanh Loa S½n Thü V® ",
npc_4317,"Ma Hóa Thüy Quái",
npc_4318,"Ma Hóa N­ Quái",
npc_4319,"Cñ Hình Tri Chu",
npc_432,"Thß½ng Nhân M§t Bäo",
npc_4320,"Cñ Hình Phiên Phúc",
npc_4321,"Ma Cung Ð¯c V® ",
npc_4322,"Ma Cung Th¸ V® ",
npc_4323,"Ma Cung ÐÕi Ma ð¥u Hoàng Tiêu",
npc_4324,"Ma Cung TÑ Ma Y H°ng Anh",
npc_4325,"Ma Cung Ngû Ma Công Tôn Vû",
npc_4326,"Ma Cung Bát Ma Khâu Chu L®nh",
npc_4327,"C± Mµ",
npc_4328,"Kim Thi«n",
npc_4329,"Th¤t Tinh Chân Nhân",
npc_433,"Lý Bán Tiên",
npc_4330,"Ngøy Thanh",
npc_4331,"LÕc Tam Quan",
npc_4332,"BÕch Thüy Chân Nhân",
npc_4333,"Giang H° Dßþc Thß½ng",
npc_4334,"BÕch C¯t SÑ giä ",
npc_4335,"BÕch C¯t SÑ giä ",
npc_4336,"Kho Báu",
npc_4337,"ÐÕi Ma Cung Ð¯c V® ",
npc_4338,"ÐÕi Ma Cung Th¸ V® ",
npc_4339,"Siêu Cñ Hình Tri Chu ",
npc_434,"H¡c Ho£c Tinh",
npc_4340,"Siêu Cñ Hình Phiên Phúc",
npc_4341,"ÐÕi Thâm Uyên Ma binh",
npc_4342,"ÐÕi Li®t Di­m Thü V® ",
npc_4343,"ÐÕi Bång Tinh Chiªn Sî",
npc_4344,"ÐÕi Hàn Tuyªt Cñ Nhân",
npc_4345,"Ma Cung ÐÕi Ma ð¥u Hoàng Tiêu",
npc_4346,"Ma Cung ÐÕi Ma ð¥u Hoàng Tiêu",
npc_4347,"BÕo Nµ Yêu Nhân",
npc_4348,"BÕo Nµ Mãnh Binh",
npc_4349,"Dung Lô",
npc_435,"Thiªt Di®n Ph§t Ðà ",
npc_4350,"Thiªt Môn",
npc_4351,"Lao Ngøc ÐÕi Môn",
npc_4352,"Bång Môn",
npc_4353,,
npc_4354,"BÕo Nµ Yêu Nhân",
npc_4355,"BÕo Nµ Mãnh Binh",
npc_4356,"Binh Lính Nµ Tuyªt",
npc_4357,"Binh Lính Nµ Tuyªt",
npc_4358,"Binh Lính Nµ Tuyªt",
npc_4359,"Binh Lính Nµ Tuyªt",
npc_436,"TØ Linh",
npc_4360,"Binh Lính Nµ Tuyªt",
npc_4361,"Binh Lính Nµ Tuyªt",
npc_4362,"Thanh Loa S½n Äo Ma",
npc_4363,"Thanh Loa S½n Äo Ma",
npc_4364,"Thanh Loa S½n Äo Ma",
npc_4365,"Thanh Loa S½n Äo Ma",
npc_4366,"Thü Tài Nµ",
npc_437,"Thanh Vi­n H¡c Báo",
npc_4371,"Tiên Gi¾i Linh ThÕch",
npc_438,"Tuyªt Ð¸a Dã Lang",
npc_4386,,
npc_4387,"Thanh Dñc Phiên Phúc",
npc_4388,"Mai Hoa Tinh",
npc_4389,"Cß½ng Thi",
npc_439,"Hoàng Kim KÏ Khuy¬n",
npc_4390,"Løc Mao Cß½ng Thi",
npc_4391,"Thúy Ði¬u",
npc_4392,"Phi Thiên DÕ Xoa",
npc_4393,"Biªn D¸ H¡c Mã Hùng",
npc_4394,"Th¤t H°n H¡c Mã Hùng",
npc_4395,"H¡c Mã Hùng Tu¥n La",
npc_4396,"H¡c Mã Hùng Thü V® ",
npc_4397,"Mã Hùng Th¯ng Lînh",
npc_4398,"S½n Tiêu Tiên Phong",
npc_4399,"S½n Tiêu Chiªn Sî ",
npc_44,"Ti¬u Nha Ð¥u",
npc_440,"Tuyªt Khiêu KÏ Khuy¬n",
npc_4400,"ÐÕo Sî S½n Tiêu",
npc_4401,"QuÖ S½n Tiêu",
npc_4402,"KÏ ThÕch Thü V® ",
npc_4403,"Kë ðµt kích KÏ ThÕch",
npc_4404,"Tam Änh Th¥n Quân",
npc_4405,"Höa Phiªn TØ Y Tiªt",
npc_4406,"Ti¬u Mµc BÕt",
npc_4407,"Mµc BÕt",
npc_4408,"Th¯ng Lãnh Mµc BÕt",
npc_4409,"Mµc BÕt Yêu Thú",
npc_441,"Ngân Quang Tê Ði¬u",
npc_4410,"Xích Thi Th¥n Quân",
npc_4411,"Quan Tài",
npc_4412,"Mã Hùng Thôn Dân",
npc_4413,"Mã Hùng Thôn Dân",
npc_4414,"Mã Hùng Thôn Dân",
npc_4415,"Mã Hùng Tài Chü",
npc_4416,"Trß·ng Thôn Mã Hùng",
npc_4417,"Trß·ng Lão Thôn Mã Hùng",
npc_4418,"Thiªt Chung ÐÕo Nhân Ðïnh Phi Lai",
npc_4419,"Løc S¡c Th± NhßÞng",
npc_442,"Thüy Lam Tê Ði¬u",
npc_4420,"Di®u Nh¤t Phu Nhân",
npc_4421,"Võ Ðang Kiªm Tiên - Linh Linh TØ ",
npc_4422,,
npc_4423,,
npc_4424,,
npc_4425,,
npc_4426,"Ti¬u Mãnh H± ",
npc_4427,"ÐÕi Mãnh H± ",
npc_4428,"Lão Mãnh H± ",
npc_4429,"Höa Xà ",
npc_443,"Dßþc Sß Thiên Hóa Thôn",
npc_4430,"LßÞng Ð¥u Höa Xà ",
npc_4431,"Xích Thân Næ QuÖ",
npc_4432,"Xích Thân Næ Ma",
npc_4433,"Løc Thø QuÖ Linh",
npc_4434,"Ðµc Tri Chu",
npc_4435,"Lý Anh QuÏnh",
npc_4436,"T« Hà Nhi",
npc_4437,"Âm T¯ Thß¶ng",
npc_4438,"Lôi Cô Bà ",
npc_4439,"Giang H° Dßþc Sß ",
npc_444,"Dßþc Sß Døc Thành Thôn",
npc_4440,"Truy Vân Lão Ông",
npc_4441,"Thiên Hóa Thôn KÏ TØ Thß½ng Xá ",
npc_4442,"Doanh Ð¸a KÏ TØ Thß½ng Xá ",
npc_4443,"Døc Thanh Thôn KÏ TØ Thß½ng Xá ",
npc_4444,"Nha Lâm TrÕi KÏ TØ Thß½ng Xá ",
npc_4445,"Thành Ðô KÏ TØ Thß½ng Xá ",
npc_4446,"Chü Quán V÷ng Giang L¥u",
npc_4447,"Danh Thß½ng Mãng Thß½ng",
npc_4448,,
npc_4449,,
npc_445,"Dßþc Sß Thành Ðô ",
npc_4450,,
npc_4451,,
npc_4452,"M§t Dæu",
npc_4453,"Lão Nhân Thiên Hóa Thôn",
npc_4454,"Lão Nhân Døc Thành Thôn",
npc_4455,"Lão Nhân Thành Ðô ",
npc_4456,"Thß½ng Nhân Trung Thu Thiên Hóa Thôn",
npc_4457,"Thß½ng Nhân Trung Thu Døc Thành Thôn",
npc_4458,"Thß½ng Nhân Trung Thu Thành Ðô ",
npc_4459,"Tiên Gi¾i Linh ThÕch",
npc_446,"Thiªt Ðän",
npc_4460,"Phi Thiên Ngô Công",
npc_4461,"Chí MÕng Ngô Công",
npc_4462,"Thñc Nhân Nam S½n Dân",
npc_4463,"Thñc Nhân Næ S½n Dân",
npc_4464,"Ti¬u Thüy Ði®t",
npc_4465,"Ðµc Tu Quái",
npc_4466,"Løc Mao Cß½ng Thi",
npc_4467,"Tàn Huyªt QuÖ Linh",
npc_4468,"Th¥n Ðàn Th¸ V® ",
npc_4469,"Yêu Nhân Pháo Thü",
npc_4470,"Mµ Ð¸a Th¸ v® ",
npc_4471,"Kho Báu",
npc_4472,"Thü Tài Nô",
npc_4473,"Cß¶ng Chí MÕng Ngô Công",
npc_4474,"Cß¶ng Thñc Nhân Næ S½n Dân",
npc_4475,"Cß¶ng Ti¬u Thüy Ði®t",
npc_4476,"Cß¶ng Tàn Huyªt QuÖ Linh",
npc_4477,"Cß¶ng Mµ Ð¸a Th¸ V®",
npc_4478,"Tñ Phá Thüy Ði®t",
npc_4479,"Thü Lînh Tu¥n La Thñc Nhân KÏ ",
npc_4480,"Tu¥n La Thñc Nhân KÏ ",
npc_4481,"Thü Lînh Tu¥n La Thñc Nhân KÏ ",
npc_4482,"Tu¥n La Thñc Nhân KÏ ",
npc_4484,"Tª Ðàn Th¥n ThÕch",
npc_4487,"Tñ Phá Thüy Ði®t",
npc_4488,"Tri Chu Noãn Ma",
npc_4493,"Cß¶ng Nhi­m Tà Tri Chu",
npc_4494,"Thiên Niên Thüy Ði®t",
npc_4495,"Thành Ðô Ðông Môn",
npc_4496,"Huyªt Th¥n Khoáng ThÕch",
npc_4497,"Phi Thiên DÕ Xoa Vß½ng",
npc_4498,"Ði«n Tây Ðµc Long Tôn Giä ",
npc_4499,"Ði«n Tây Vu Y",
npc_45,"Ð® TØ Xan Hà ÐÕi Sß ",
npc_4500,"QuÖ ÐÕo Nhân Ki«u S¤u Ð¢ng ",
npc_4501,"QuÖ Thú Ki«u S¤u Ð¢ng",
npc_4502,"Li®t Höa Lão T±",
npc_4503,"Li®t Höa Lão T±",
npc_4504,"C×u Chï Tiên",
npc_4506,"M§t Dæu",
npc_4507,"M§t Dæu",
npc_4508,"Bßu Ki®n",
npc_4509,"Höa C¥u",
npc_4510,"Bá LÕc",
npc_4511,"Phøc H± Tu Luy®n Giä ",
npc_4512,"Danh Thß½ng Thiên Hóa Thôn",
npc_4513,"Nga My",
npc_4514,"Ph§t Môn",
npc_4515,"Bách Hoa",
npc_4516,"Thanh Thành",
npc_4517,"Tiên C¥m",
npc_4518,"Tuyªt Nhân",
npc_4519,"Cây Giáng Sinh",
npc_4520,"Ông Già Giáng Sinh",
npc_4521,"Ông Già Giáng Sinh",
npc_4522,"Ông Già Giáng Sinh",
npc_4523,"Ti¬u Tuyªt Nhân",
npc_4524,"Ti¬u TØ Giáng Sinh",
npc_4525,"Ti¬u TØ Giáng Sinh",
npc_4526,"Ti¬u TØ Giáng Sinh",
npc_4527,"Ti¬u TØ Giáng Sinh",
npc_4528,"Ti¬u TØ Giáng Sinh",
npc_4529,"Ti¬u TØ Giáng Sinh",
npc_4530,"Ti¬u TØ Giáng Sinh",
npc_4531,"Ti¬u TØ Giáng Sinh",
npc_4532,"Ti¬u TØ Giáng Sinh",
npc_4533,"Ti¬u TØ Giáng Sinh",
npc_4539,"Ngân Anh Ð¥u Møc Xà Phï ",
npc_4540,"Ngân Anh Cß¶ng ÐÕo Phï Binh",
npc_4541,"Ngân Anh Ð® TØ Hoàn Khoa",
npc_4542,"Ngân Anh Thái Hoa T£c",
npc_4543,"Tinh Anh H¡c Phong Kim Cang",
npc_4544,"Ngân Anh Thiªt Nhân",
npc_4545,"Ngân Anh Lâm Chß·ng H¡c Hùng",
npc_4546,"Ngân Anh Ma Cung Träo Nha",
npc_4547,"Ngân Anh Thanh Loa S½n Äo Ma",
npc_4548,"Ngân Anh S½n Tiêu Chiªn Sî ",
npc_4549,"Ngân Anh Løc Thø QuÖ Linh",
npc_4550,"Thiên Nguyên Ðïnh",
npc_4551,"Sinh M®nh Chi Thø ",
npc_4552,"Kiªm Tiên Ðài",
npc_4553,"Thái Hß ðµng",
npc_4554,"Tiên Linh Các",
npc_4560,"Sinh M®nh Chi ThÕch",
npc_4561,"Kiªm Tiên ThÕch",
npc_4562,"Thanh Hß TØ",
npc_4563,"Ð® TØ Tiên Linh",
npc_4564,"Thái Hß ThÕch",
npc_4565,"Thái Hß ThÕch",
npc_4566,"Bang Hµi Lãnh Ð¸a Thü Môn",
npc_4567,"Bang Hµi Lãnh Ð¸a Thü Môn",
npc_4568,"Thanh Loa S½n Truy Tung Giä ",
npc_4569,"Thanh Loa S½n Yêu Nhân",
npc_4570,"Thanh Loa S½n Thích Khách",
npc_4571,"Ð° NhÕc",
npc_4572,"Ð¢ng Tu Quái",
npc_4573,"Ðµc Xà ",
npc_4574,"Kinh Cúc Thú",
npc_4575,"D¸ Hóa Kinh Cúc Thú ",
npc_4576,"Lµ Bá",
npc_4577,"Tß½ng Giang Ngß Phu",
npc_4578,"Tß½ng Giang Th± Phï",
npc_4579,"Ð¸a Bî ",
npc_4580,"Ác Kh¤t Cái",
npc_4581,"Tr¥n Gia Gia Ðinh",
npc_4582,"Tr¥n Gia giáo ð¥u",
npc_4583,"Hào Nô ",
npc_4584,"Phích L¸ch Thü-Úy Trì Nguyên",
npc_4585,"Binh Lính Tr¥n Gia Trang",
npc_4586,"Ti¬u T¯t Tr¥n Gia Trang",
npc_4587,"Gia Tß¾ng Tr¥n Gia Trang",
npc_4588,"Ngû Hoa Phong-Thôi Thiên Thø ",
npc_4589,"Læ Thôn M§t Thám",
npc_4590,"Dûng Sî Læ Thôn",
npc_4591,"Tr¥n Nh¸ Trang Chü-Tr¥n Trß¶ng C¯c",
npc_4592,"ÐÕi Cß½ng Nha NgÕc Ngß ",
npc_4593,"ÐÕi Hùng H± ",
npc_4594,"ÐÕo T£c Hung Hãn",
npc_4595,"Hãn Phï Hung Hãn",
npc_4596,"Phï Ð¥u Hung Hãn",
npc_4597,"Phï Ð¥u Hµ V® ",
npc_4598,"Læ Thôn Hµ V®",
npc_4599,"Læ Thôn Tinh binh",
npc_46,"Hß½ng Dûng",
npc_4600,"Læ Thôn Bäo Tiêu",
npc_4601,"H° Ly Kim Ð¥u-Læ TÑ",
npc_4602,"Loa Ty Loan Thü V® ",
npc_4603,"Loa Ty Loan Ngøc T¯t",
npc_4604,"Th¯ng Lãnh Ngøc T¯t Loa Ty Loan",
npc_4605,"Phích L¸ch Höa-Læ Tam",
npc_4606,"Ma Hóa Thôn Dân",
npc_4607,"Miêu Cß½ng Giáng Ð¥u Sß ",
npc_4608,"Li®t Höa T± Sß Môn Nhân",
npc_4609,"Giä Ð¥u Ðà Diêu Nguyên",
npc_4610,"Hoa Hoa ÐÕo Nhân-Diêu T¯ Tu ",
npc_4611,"La Vån Lâm",
npc_4612,"S½n Nhân Diêu Khai Giang",
npc_4613,"Truy H°n Thái Tuª ",
npc_4614,"Höa Phiên Phúc",
npc_4615,"Quách Vân Ph¯c",
npc_4616,"Dûng Sî Thôn Ð¾i Gia Trß¶ng",
npc_4617,"Tri®u Tâm Nguyên",
npc_4618,"Hoàng Huy«n Cñc",
npc_4619,"Ti¬u Nh¸ TØu L¥u",
npc_4620,"Chü quán Trß¶ng Sa TØu L¥u",
npc_4621,"Lång Phü Gia Ðinh",
npc_4622,"Lång Lão Anh Hùng",
npc_4623,"Thø Thß½ng Thôn Dân",
npc_4624,"Du Xung Trung",
npc_4625,"BÕch KÏ ",
npc_4626,"Chß·ng Qu¥y Chþ Thanh Thüy Bá ",
npc_4627,"Thôn Dân Chþ Thanh Thüy Bá ",
npc_4628,"Lão Nhân Chþ Thanh Thüy Bá ",
npc_4629,"Trinh Thám Læ Thôn",
npc_4630,"Thê TØ Ngøy Thanh",
npc_4631,"Thß½ng Binh Læ Thôn",
npc_4632,"Ðµc Kim Liên",
npc_4633,"Kho Báu",
npc_4634,"Tân Dã Quä ",
npc_4635,"Ðång Bình Tiên TØ ",
npc_4636,"Ám Tiêu Loa Ty Loan",
npc_4637,"Th¥n Tài",
npc_4638,"Chiêu Tài ThØ ",
npc_4639,"Chiêu Tài ThØ ",
npc_4640,"Niên Thú ",
npc_4641,,
npc_4642,,
npc_4643,"Hoa Tiên TØ",
npc_4647,"Tinh Công Thiªt Tßþng ",
npc_4648,"Tinh Công Thiªt Tßþng ",
npc_4649,"Tinh Công Thiªt Tßþng ",
npc_4650,"Danh Thß½ng",
npc_4651,"Danh Thß½ng",
npc_4652,"Thß½ng Nhân Vân Du ",
npc_4653,"Thß½ng Nhân Vân Du ",
npc_4654,"Thß½ng Nhân Vân Du ",
npc_4655,"Bång Xuyên Ngân H° ",
npc_4656,"Ð® TØ Bång Kính",
npc_4657,"Tinh Anh Thiªt Thú ",
npc_4658,"Thiªt Cñ Nhân",
npc_4659,"Tinh Anh Ðào Hoa Yêu",
npc_4660,"Tinh Anh Nhøc Chi",
npc_4661,"Tinh Anh Ðµc Dång",
npc_4662,"Ðµc Long Hµ V® ",
npc_4663,"Bång Kính Tiên TØ ",
npc_4664,"Thñc Nhân Hoa Yêu",
npc_4665,"Thiên tàn Lão Nhân",
npc_4666,"Ðµc Long Th¥n Tß¾ng",
npc_4667,"Ðµc Long M®nh Môn",
npc_4668,"Th¤u Minh Môn",
npc_4669,"Thiªt Nhân Báo Phª ",
npc_4670,"Thiªt Nhân Báo Phª ",
npc_4676,"Thñc Nhân Ma Cô ",
npc_4677,"Thø Kh¯ng S½n Dân",
npc_4678,"Ði«n Biên Ðµc Dång",
npc_4679,"Ma Giáo Mãnh Binh",
npc_4680,"Khoáng ThÕch Cñ Nhân",
npc_4681,"Tß¾ng Lînh Xà Quái",
npc_4682,"Xích Thân Giáo Yêu Nhân",
npc_4683,"H°n Ma Ð¸a Phü ",
npc_4684,"Th¸ V® Ma Giáo",
npc_4685,"Yêu Nhân Pháo Thü ",
npc_4686,"Løc Mao Cß½ng Thi",
npc_4687,"Nhøc Thân cüa Kh± Hành Ð¥u Xà ",
npc_4693,"Ti¬u ThØ",
npc_4694,"Höa Ly ThØ",
npc_4696,"HÑa Phi Nß½ng",
npc_4697,"Trß¶ng Minh Ðång",
npc_4698,"Ma Cô Pháo Ðài",
npc_4699,"Höa Di®m La",
npc_47,"Hß½ng Dân",
npc_4700,"ÐÕi Bi Tñ Tri Khách Tång",
npc_4721,"S½n Dân Hung Hãn",
npc_4722,"Cñ ÐÕi Ðµc Dång",
npc_4723,"Ma Giáo Yêu Nhân",
npc_4724,"Khoáng ThÕch Cñ Giáp",
npc_4725,"Th¯ng Lînh Xà Quái",
npc_4726,"Thü Lînh Yêu Næ",
npc_4727,"U Minh QuÖ Höa",
npc_4728,"Th¸ V® Trß·ng Ma Giáo",
npc_4729,"Yêu Næ Pháo Trß·ng",
npc_4730,"Cñ Hình Cß½ng Thi ",
npc_4731,"Trß Di®n Miêu Vß½ng",
npc_4732,"H¡c Tâm Trß½ng Lang",
npc_4733,"Huyªt Thø QuÖ Linh",
npc_4734,"L¸ch QuÖ Cß½ng Thi ",
npc_4735,"Giang Dß½ng ÐÕi Phï",
npc_4736,"Phï Ð°",
npc_4744,"M¸ Änh Phiên Phúc",
npc_4745,"H¡c Mã Hùng Du T¯t",
npc_4746,"Chiªn Sî S½n Tiêu",
npc_4747,"Linh ThÕch Hµ V®",
npc_4748,"Th¯ng Lînh Mµc BÕt",
npc_4749,"Tß½ng Giang Ngß Phu ",
npc_4750,"Ðµc Kh¤t Cái",
npc_4751,"Äo Ma",
npc_4752,"Ðao Phü",
npc_4753,"Thü V®",
npc_4754,"Ma Th¥n Th¸ V®",
npc_4756,"Nhøc Th¬ cüa Ð° NhÕc",
npc_4757,"Nhøc Th¬ cüa Úy Trì Nguyên",
npc_4758,"Nhøc Th¬ cüa Thôi Thiên Thø",
npc_4759,"Nhøc Th¬ cüa Tr¥n Trß¶ng C¯c",
npc_4760,"Nhøc Th¬ cüa Læ TÑ",
npc_4761,"Nhøc Th¬ cüa Læ Tam",
npc_4762,"Nguyên Th¥n cüa Ð° NhÕc",
npc_4763,"Nguyên Th¥n cüa Úy Trì Nguyên",
npc_4764,"Nguyên Th¥n cüa Thôi Thiên Thø",
npc_4765,"Nguyên Th¥n cüa Tr¥n Trß¶ng C¯c",
npc_4766,"Nguyên Th¥n cüa Læ TÑ",
npc_4767,"Nguyên Th¥n cüa Læ Tam",
npc_4768,"Tinh Anh Ð¸a Bî",
npc_4769,"Tinh Anh Hào Nô",
npc_4770,"Tinh Anh Giáo Ð¥u",
npc_4771,"Tinh Anh Ti¬u T¯t",
npc_4772,"Tinh Anh Thü V®",
npc_4773,"Tinh Anh Bäo Tiêu",
npc_4774,"Tinh Anh Nam Cß½ng SÑ Giä",
npc_4775,"Tinh Anh Li®t Höa SÑ Giä",
npc_4776," ",
npc_4777,"Th¤t Tinh Ðài Ð°ng TØ",
npc_4778,"Th¤t Tinh Ðài Ð°ng TØ",
npc_4779,"CØa vào Th¤t Tinh Ðài",
npc_4780,"CØa vào Th¤t Tinh Ðài T¥ng 2",
npc_4781,"CØa vào Th¤t Tinh Ðài T¥ng 3",
npc_4782,"CØa vào Th¤t Tinh Ðài T¥ng 4",
npc_4783,"CØa vào Th¤t Tinh Ðài T¥ng 5",
npc_4784,"CØa ra Th¤t Tinh Ðài",
npc_4785,"CØa ra Th¤t Tinh Ðài T¥ng 2",
npc_4786,"CØa ra Th¤t Tinh Ðài T¥ng 3",
npc_4787,"CØa ra Th¤t Tinh Ðài T¥ng 4",
npc_4788,"CØa ra Th¤t Tinh Ðài T¥ng 5",
npc_4789,"M§t Lâm Ðµc Xà",
npc_4790,"CØa Ra C¤m Ð¸a",
npc_4791,"Thanh Dñc Phúc Vß½ng",
npc_48,"Doanh TrÕi Ði«u Thß½ng 02",
npc_4800,"Tri Chu Pháo Ðài",
npc_4801,"H¥u TØ Pháo Ðài",
npc_4802,"Chß½ng Ngß Pháo Ðài",
npc_4803,"S½ C¤p Møc Y Sß",
npc_4804,"Cao C¤p Møc Y Sß",
npc_4805,"Sinh M®nh Chi Thø",
npc_4807,"Tr¸ Li®u B±ng",
npc_4809,"Ôn Tuy«n",
npc_4833," ",
npc_4836,"QuÖ Linh",
npc_4837,"Thiên Niên Lão Yªt",
npc_4838,"VÕn Niên Höa Chu",
npc_4839,"Ma Chiªn C½ Giáp",
npc_4840,"Cñ Ðµc Vån Chu",
npc_4841,"Bång Mang Yªt",
npc_4842,"Höa Di®m Chu",
npc_4843,"Pha Lê Yªt Ngçu",
npc_4844,"Hoàng Ð°ng Chu Ngçu",
npc_4845,"Læ Thôn Oan H°n",
npc_4846,"QuÖ Linh Hµ V®",
npc_4847,"Thü V® L¯i Ra Vån Chu Ðµng",
npc_4848,"Thü V® L¯i Vào Vån Chu Ðµng",
npc_4849,"Di Chuy¬n ThÕch Khu Vån Chu",
npc_4850,"Di Chuy¬n ThÕch Khu Vån Chu",
npc_4851,"Do Thám Chß½ng Ngß",
npc_4852,"Tu¥n La Hµ V®",
npc_4853,"Tu¥n La Hµ V®",
npc_4857,"Tu¥n La Phiên Phúc",
npc_4858,"Tu¥n La Phiên Phúc",
npc_4859,"Ma Ð¦u Yªt",
npc_4860,"Tri Chu Noãn Tñ N±",
npc_4861,"Huyªt Chu",
npc_4863,"Læ Thôn Thü Mµ Nhân",
npc_4866,"Tßþng Ma Tinh Anh Ð® TØ",
npc_4867,"Tßþng Ma Tinh Anh Ð® TØ",
npc_4868,"Tßþng Ma Tinh Anh Ð® TØ",
npc_4869,"Tßþng Ma Tinh Anh Ð® TØ",
npc_4870,"Tßþng Ma Tinh Anh Ð® TØ",
npc_4871,"Tßþng Ma Tinh Anh Ð® TØ",
npc_4872,"Tßþng Ma Tinh Anh Ð® TØ",
npc_4873,"Tßþng Ma Tinh Anh Ð® TØ",
npc_4874,"Tßþng Ma Tinh Anh Ð® TØ",
npc_4875,"Tßþng Ma Tinh Anh Ð® TØ",
npc_4876,"Th¤p Bà Tßþng Ma",
npc_4877,"Ma Nhân Ð« Ma La Tß",
npc_4878,"Thanh Long Ma Sát Bäo Rß½ng",
npc_4879,"Chu Tß¾c Ma Sát Bäo Rß½ng",
npc_4880,"BÕch H± Ma Sát Bäo Rß½ng",
npc_4881,"Huy«n Quy Ma Sát Bäo Rß½ng",
npc_4882,"Thiên Tµi Ma Sát Bäo Rß½ng",
npc_4883,"Chß·ng Qu¥y Tu Luy®n Trß¶ng",
npc_4884,"Chß·ng Qu¥y Tu Luy®n Trß¶ng",
npc_4885,"Ti¬u Hòa Thß½ng",
npc_4886,"NÕn ÐÕi Sß",
npc_4887,"BÕch ¿ng SÑ Giä",
npc_4888,"BÕch ¿ng SÑ Giä",
npc_4889,"Ông Già Giáng Sinh",
npc_4890,"Ông Già Giáng Sinh",
npc_49,"Doanh TrÕi Y Sß ",
npc_4910,"Tinh Anh Mµc BÕt",
npc_4911,"Ti¬u Niên Thú",
npc_4918,"Tân Xuân ÐÕi Hi®p",
npc_4919,"Tinh Anh Kim Nhu",
npc_4920,"Tinh Anh Khoáng ThÕch Cñ Nhân",
npc_4921,"Tinh Anh Kinh Cúc Thú",
npc_5,"Kim Giác Mãng Xà ",
npc_50,"Cô H°n Dã QuÖ ",
npc_51,"Truy Vân Lão Ông",
npc_52,"Thông Tý Th¥n Viên Lý Ninh",
npc_53,"Bách C¥m ÐÕo Nhân Công Dã Hoàng",
npc_54,"Ngøy Thanh",
npc_55,"Lý Nam Qu¯c",
npc_56,"Thª Thân cüa Long Phi",
npc_57,"Ð½n Khâu Sinh",
npc_58,"Yªn Nam Phi (NPC truy«n nh§n)",
npc_59,"T¥n Lãng",
npc_6,"Trúc Di®p Thanh ",
npc_60,"Cß¶ng Mã T£c",
npc_61,"Lßu Kh¤u",
npc_62,"Siêu Lßu Kh¤u",
npc_63,"Siêu Mã T£c",
npc_64,"Lý Nam Thôn",
npc_65,"Lý Nam Thành",
npc_66,"Hà Sinh Ng÷c",
npc_67,"Thß½ng Hµi Lão ÐÕi",
npc_68,"Phong Tr¥n Næ TØ ",
npc_69,"Thª Thân cüa Dß½ng Hoa",
npc_7,"Song Thân Xà ",
npc_70,"Vô My Yêu Næ ",
npc_71,"Thiªt Tu ÐÕo Trß·ng",
npc_72,"Mãnh Höa ÐÕo Trß·ng",
npc_73,"Ðµc Dång",
npc_74,"Ti¬u H± ",
npc_75,"Mãnh H± ",
npc_76,"Kim Ti«n Báo",
npc_77,"Nam S½n Dân",
npc_78,"Hung Hãn S½n Dân",
npc_79,"H¡c Th¥n Thü V® ",
npc_8,"Trúc Lâm Xà Vß½ng ",
npc_80,"Nam S½n Dân",
npc_81,"Næ S½n Dân",
npc_82,"Næ S½n Dân",
npc_83,"Næ S½n Dân",
npc_84,"Næ S½n Dân",
npc_85,"Ti¬u Dã La",
npc_86,"ÐÕi Dã La",
npc_87,"Dã La Vß½ng",
npc_88,"Ti¬u Kim Nhu",
npc_89,"Kim Nhu",
npc_9,"Xà Thü TÕp D¸ch",
npc_90,"Phân Thân cüa Løc Bào Lão T± ",
npc_91,"Tiêu Hiên",
npc_92,"Lý Nguyên",
npc_93,"Ti¬u Yêu ÐÕo Hà Hßng",
npc_94,"Yêu ÐÕo Vßu Thái Chân",
npc_95,"H¡c Th¥n S½n Tß¾ng",
npc_96,"Trß½ng Lão TÑ ",
npc_97,"CØ Nhân T¯ng Tri«u",
npc_98,"CØ Nhân Chu Vân Tòng",
npc_99,"Tôn Nam",
npc_assign_1,"Tân Thü Ðä Quái Khu",
npc_assign_10,"QuÖ Quái Khu",
npc_assign_14,"Thành Ðô ",
npc_assign_21,"Khu Ð¥m L¥y Thôn Tân Thü ",
npc_assign_23,"Khu Cß¶ng ÐÕo Thôn Tân Thü ",
npc_assign_24,"Ngô Công Khu",
npc_assign_25,"Thành Ðô Yên Hoa HÕng",
npc_assign_26,"H¡c Phong Ki«u",
npc_assign_28,"NgoÕi Viên H¡c Phong",
npc_assign_29,"H¡c Phong",
npc_assign_30,"Thø Lâm ngoài H¡c Phong",
npc_assign_32,"H± Träo Kinh Cúc Lînh",
npc_assign_34,"H± Träo Nha Lâm",
npc_assign_35,"Nha Lâm Khu Tù Trß·ng ",
npc_assign_36,"H± Träo Nha Lâm",
npc_assign_38,"H± Träo S½n Huy®t",
npc_assign_39,"H¡c Phong TrÕi H¡c Phong Ðß¶ng",
npc_assign_42,"H± Träo Ð°i Dã La",
npc_assign_43,"H¡c Phong Nµi Sänh",
npc_assign_44,"Chân Núi Bách Hoa S½n",
npc_assign_45,"H¡c C¯c NgoÕi Duyên",
npc_assign_52,"Quª Hoa S½n",
npc_assign_54,"Quª Hoa Thiªt Thú ",
npc_assign_55,"Quª Hoa Thiªt Nhân",
npc_assign_56,"H°ng Hoa Ðµng",
npc_assign_59,"S½n Ðµng",
npc_assign_6,"Ngô Công Khu",
npc_assign_60,"Ti¬u S½n Lang",
npc_assign_61,"Lang Vß½ng",
npc_assign_63,"Ti¬u Cß¶ng",
npc_assign_66,"Phía Nam Thiên Hóa Thôn",
npc_assign_67,"NgoÕi Viên Thiên Hóa Thôn",
npc_assign_7,"Xà Khu",
npc_shop_chengdushengwang,"Thành Ðô Danh Quán",
npc_shop_chengdushuidian,"Quán Nß¾c Thành Ðô ",
npc_shop_ciyunshuidian,"Quán Nß¾c H¡c Phong",
npc_shop_ciyunsishengwang,"H¡c Phong TrÕi Danh Quán",
npc_shop_daijiachang,"Dßþc Quán Ð¾i Gia Trß¶ng",
npc_shop_emeishuidian,"Quán Nß¾c Nga My",
npc_shop_fomengshuidian,"Quán Nß¾c Ph§t Môn",
npc_shop_guihuashanshuidian,"Quán Nß¾c Quª Hoa S½n",
npc_shop_huzhuashanshengwang,"H± Träo S½n Danh Quán",
npc_shop_mangcangshan,"Mãng Thß½ng S½n Danh Quán",
npc_shop_qingluoshanshuidian,"Quán Nß¾c Thanh Loa S½n",
npc_shop_xinshoucunshuidian,"Quán Nß¾c Thôn Tân Thü ",
npc_shop_xinshoucunwuqi,"Vû Khí Thôn Tân Thü ",
npc_shop_xueshancunshuidian,"Quán Nß¾c Tuyªt S½n Thôn",
npc_shop_yuebing,"Quán Nguyên Li®u Bánh Trung Thu",
npc_shop_yunlingshanchengduwuqi,"Ti®m Vû Khí Vân Linh S½n và Thành Ðô",
npc_shop_yunlingshancunshuidian,"Quán Nß¾c Vân Linh S½n Thôn",
npc_shop_yunlingshengwang,"Vân Linh S½n Danh Quán",
npc_shop_zahuodian1,"Ti®m TÕp Hóa 1",
number_dou,Ð¤u,
number_duo,Tránh,
number_ji,Kích,
number_jia,ThÑc,
number_jin,Tiªn,
number_li,Li,
number_quan,Toàn,
number_ru,Nh§p,
number_shan,Thi¬m,
number_tuo,Thoát,
number_wan,Hoàn,
number_wei,"V¸ ",
number_xiao,Thi¬u,
number_zhan,Chiªn,
number_zhao,Chiêu,
number_zhong,Trung,
number_zui,T¯i,
point_shop_chengdushuidian,"Quán Nß¾c Thành Ðô",
point_shop_emeishuidian,"Quán Nß¾c Nga My",
point_shop_fomengshuidian,"Quán Nß¾c Ph§t Môn",
point_shop_xinshoucunshuidian,"Quán Nß¾c Thôn Tân Thü ",
point_shop_xinshoucunwuqi,"Vû Khí Thôn Tân Thü ",
point_shop_zahuo,"TÕp Hóa",
qcIndex,"Môn phái do Cñc LÕc Ð°ng TØ Lý T¸nh Hß sáng l§p, ngoài ra còn ðßþc xßng là T¸nh Hß Lão T±. Lão T± t×ng hþp thü v¾i Trß¶ng My Chân Nhân cùng ð¯i kháng v¾i Ma ðÕo. V¾i mµt nØa khu th¬ là tiên, ngài ¦n cß nhi«u nåm tÕi NgoÕi Vân Du. M÷i sñ vø trong môn phái ð«u do Thiên Ðô, Minh Hà nh¸ v¸ trß·ng lão tiªp quän. Võ công cüa Thanh Thành n±i danh nh¶ nhæng ðòn công kích ch¾p nhoáng cñc mÕnh.
Chï s¯ c½ bän: Sinh M®nh / Tâm Linh / Liên Kích, chï s¯ Tâm Linh m²i giây s¨ tñ ðµng h°i phøc 10 ði¬m, gi¾i hÕn 100 ði¬m.
Ð£c ði¬m môn phái: Khä nång công kích ch¾p nhoáng
Khuyªt ði¬m: Khä nång phòng thü yªu, không th¬ duy trì trñc di®n ð¯i kháng
Tác døng t± ðµi: V¸ trí công kích cñ ly g¥n
Vû khí khä døng: Liên ðao, ðoän ðao
H® ð£c thù: Lôi, ðµc là hai thuµc tính chü yªu trong công kích cüa Thanh Thành †n Giä
Ti«m nång chü yªu: Nhanh Nh©n
",
Role_Shape_Big1,"Khá to",
Role_Shape_Big2,To,
Role_Shape_Normal,Thß¶ng,
Role_Shape_Small1,"H½i nhö",
Role_Shape_Small2,Nhö,
Role_SkinColor_1,"Màu da 1",
Role_SkinColor_2,"Màu da 2",
Role_SkinColor_3,"Màu da 3",
Role_SkinColor_4,"Màu da 4",
Role_SkinColor_5,"Màu da 5",
Role_SkinColor_6,"Màu da 6",
scenes_cychuanxidian,"H¡c Phong TrÕi H¡c Phong Ðß¶ng",
scenes_ylsshexue,"Vân Linh S½n Xà Huy®t",
Scenesfight_entercon1,"ÐÕo hæu trong danh sách ðö c¤m vào",
Scenesfight_entercon1_2,"Ngß¶i ch½i có c¤p ðµ nhân v§t nhö h½n 10 s¨ không ðßþc phép vào ðây",
Scenesfight_entercon1_2_2,"Nhân v§t có c¤p ðµ dß¾i 40 không th¬ vào",
Scenesfight_sd001,"Bäo Hµ Kh± Hành Ð¥u Ðà",
Scenesfight_sd002,"Hµ T¯ng Lý Anh QuÏnh",
Scenestable_3c,"Ð¤u Trß¶ng T± Ðµi",
Scenestable_bingmayong,"Th¥n Bí Mµ Huy®t",
Scenestable_ciyunsihuanxidian,"H¡c Phong TrÕi H¡c Phong Ðß¶ng",
Scenestable_ducaoya,"Ðµc Thäo Nhai",
Scenestable_guanxintai,"Quan Tinh Ðài",
Scenestable_guihuashanfuben,"H°ng Hoa Ðµng Quª Hoa S½n C¤m Ð¸a",
Scenestable_guihuashanfubenchongsheng,"H°ng Hoa Ðµng Quª Hoa S½n C¤m Ð¸a",
Scenestable_guihuashanlin,"Quª Hoa S½n Lâm",
Scenestable_guildarea,"Lãnh Ð¸a Bang Phái",
Scenestable_gumuqv,"Khu C± Mµ",
Scenestable_hanbingchi,"Hàn Bång Trì ",
Scenestable_houhuayuan,"H§u Hoa Viên",
Scenestable_huzhuashantengxvdong,"H± Träo S½n Ð¢ng Tu Ðµng",
Scenestable_jiguanfang,"Thiªt C½ Phß¶ng",
Scenestable_jisishentan,"Sái Tñ Th¥n Ðàn",
Scenestable_jiuqvpo,"CØu Khúc Ba",
Scenestable_kulouqv,"Khô Lâu Ph¥n Ð°i",
Scenestable_lvcunbieyuan,"Læ Thôn Bi®t Vi®n",
Scenestable_nanjiangqv,"Khu Nam Cß½ng",
Scenestable_ningbiyamidong,"Huyªt Tinh Linh M§t Ðµng",
Scenestable_qingluoshanmogong,"Thanh Loa S½n Ma Cung",
Scenestable_qixingtai,"Th¤t Tinh Ðài",
Scenestable_sd002,"Linh Ng÷c Nhai",
Scenestable_sdtfb001,"ÐÕi Bi Tñ",
Scenestable_shirenbuluo,"Thñc Nhân Bµ LÕc",
Scenestable_shuizhiqv,"Thüy Ði®t Khu",
Scenestable_wenzhuqv,"Khu Vån Chu",
Scenestable_wugongqv,"Ngô Công Khu",
Scenestable_wulongtan,"Ô Long Ðàm",
Scenestable_wulongtankou,"Ô Long Ðàm Kh¦u",
Scenestable_xvkong,"Hß Không",
Scenestable_yanjiangqv,"Khu Nham ThÕch",
Scenestable_yaorendongfu,"Yêu Nhân Ðµng Phü ",
Scenestable_yaorendongfufb,"Yêu Nhân Ðµng Phü C¤m Ð¸a",
Scenestable_yunlingshanshexue,"Vân Linh S½n Xà Huy®t",
Scenestable_zhaozeqv,"Khu Ð¥m L¥y",
Scenestable_zhongkongqv,"Khu Trung Tâm",
sn001_baifu,"BÕch Phü ",
sn001_baihuachaoyin,"Ðµng Tri«u Âm Bách Hoa S½n",
sn001_baihuafenglin,"Ð°i Phong Lâm Bách Hoa S½n",
sn001_baihuaguanyin,"Am Quan Âm Bách Hoa S½n",
sn001_baihuahoushan,"H§u S½n Bách Hoa ",
sn001_baihuashan,"Bách Hoa S½n",
sn001_baihuashanjiao,"Chân Núi Bách Hoa",
sn001_baiyunan,"BÕch Vân Am",
sn001_bingjingshilin,"Bång Tinh ThÕch Lâm",
sn001_biquanjian,"Su¯i Bích Tuy«n",
sn001_bixiecun,"Phích Tà Thôn",
sn001_biyunan,"Bích V§n Am",
sn001_biyunzhudao,"Bích V§n Trúc ÐÕo",
sn001_changshazhen,"Trß¶ng Sa Tr¤n",
sn001_changshazhen_1,"Trß¶ng Sa Tr¤n",
sn001_chendubeice,"Phía b¡c Thành Ðô",
sn001_chengdu,"Thành Ðô",
sn001_chengdunance,"Phía Nam Thành Ðô",
sn001_chengduxijiao,"Phía Tây Thành Ðô",
sn001_chenjiazhuang,"Tr¥n Gia Trang",
sn001_chujijingji,"Ð¤u Trß¶ng S½ C¤p",
sn001_chujjc,"Ð¤u Trß¶ng S½ C¤p",
sn001_ciyunsi,"H¡c Phong TrÕi",
sn001_ciyunsishilao,"H¡c Phong TrÕi ThÕch Lao",
sn001_ciyunsiwai,"NgoÕi Viên H¡c Phong TrÕi",
sn001_daijiachang,"Ð¾i Gia Trß¶ng",
sn001_daijiachang_1,"Ð¾i Gia Trß¶ng",
sn001_danfang,"Phòng Luy®n Ðan",
sn001_duanbiya,"ÐoÕn Tý Nhai",
sn001_duobixiongzhai,"Ða Ty Hùng TrÕch",
sn001_eguiguanzhai,"Ác QuÖ Quan TrÕi",
sn001_eimeihoushan,"H§u S½n Nga My",
sn001_eimeijinding,"Kim Ðïnh Nga My",
sn001_eimeishanjiao,"Chân Núi Nga My",
sn001_eimeishigou,"ThÕch Duçn Câu",
sn001_emei,"Nga My",
sn001_fubingqv,"Phù Bång Khu",
sn001_fuxiantan,"Ð¥m Phúc Tiên",
sn001_fuxiantanquanyan,"Ti¬u Tuy«n Ð¥m Phúc Tiên",
sn001_gaojijingji,"Ð¤u Trß¶ng Cao C¤p",
sn001_gaojjc,"Ð¤u Trß¶ng Cao C¤p",
sn001_gehoutai,"Cát H¥u Ðài",
sn001_guguiping,"Bình Nguyên C± Quª ",
sn001_guifengshangu,"QuÖ Phong S½n C¯c",
sn001_guihongsenlin,"QuÖ H¯ng Lâm",
sn001_guihuajiandao,"Quª Hoa Gian ÐÕo",
sn001_guihualin,"Quª Hoa Lâm",
sn001_guiwu,"Quª Cß ",
sn001_guiyingzhaoze,"Ð¥m QuÖ Änh",
sn001_hanbingqv,"Khu Hàn Bång",
sn001_heiguhouguangchang,"H§u Quäng Trß¶ng H¡c C¯c",
sn001_heigujuzhu,"Khu Cß Trú H¡c C¯c",
sn001_heigulinyin,"Âm ÐÕo H¡c C¯c Lâm",
sn001_heiguniaoshou,"Khu Ði¬u Thú H¡c C¯c",
sn001_heiguqianguangchang,"Ti«n Quäng Trß¶ng H¡c C¯c",
sn001_heixincaoyuan,"Thäo Nguyên H¡c Tâm",
sn001_heixincaoyuanxi,"Khu Tây H¡c Tâm Thäo Nguyên",
sn001_heixinhuangyuan,"Hoang MÕc H¡c Tâm",
sn001_honghuadongfu,"H°ng Hoa Ðµng Phü ",
sn001_honghuaxiaojin,"H°ng Hoa Ti¬u Kính",
sn001_huanmogong,"Äo Ma Cung",
sn001_hulingzhaoze,"Ð¥m H° Linh",
sn001_hulingzhaozebei,"Khu Tây Ð¥m H° Linh",
sn001_hulingzhaozenan,"Khu Nam Ð¥m H° Linh",
sn001_huoyundong,"Höa Vân Ðµng",
sn001_huxue,"H± Huy®t",
sn001_huzhuashan,"H± Träo S½n",
sn001_jiguanshuniu,"Thiªt „n",
sn001_jingjilin,"Kinh Cúc Lâm",
sn001_jingjilin_1,"Kinh Cúc Lâm",
sn001_jingjiling,"Kinh Cúc Lînh",
sn001_lieyanqv,"Khu Li®t Di­m",
sn001_linfu,"Lång Phü ",
sn001_linyindao,"Lâm Âm ÐÕo",
sn001_linzhongpingdi,"Lâm Trung Bình Ð¸a",
sn001_luanshigang,"LoÕn ThÕch Cß½ng",
sn001_luosiwanjianyu,"H¥m Ngøc La Ty Loan",
sn001_lvcunjiuzhai,"Læ Thôn Cñu TrÕi",
sn001_lvcunxinzhai,"Tân TrÕi Læ Thôn",
sn001_lvsun,"Læ Thôn",
sn001_lvzhou,"Løc Châu",
sn001_mangcangshan,"Mãng Thß½ng S½n",
sn001_maocaowu,"Ngôi Nhà Tranh",
sn001_maxiongcunluo,"Mã Hùng Thôn",
sn001_maxiongdong,"Mã Hùng Ðµng",
sn001_mazeiwo,"Mã T£c Oa",
sn001_mizongsenlin,"Mê Tung Lâm",
sn001_mogongfubenjinkou,"L¯i Vào Ma Cung C¤m Ð¸a",
sn001_mogongneiting,"Nµi Sänh Ma Cung",
sn001_mogongwaiqv,"NgoÕi Khu Ma Cung",
sn001_mubadongxue,"Mµc BÕt Ðµng Huy®t",
sn001_nanfanghuangyuan,"Hoang MÕc Phía Nam",
sn001_qinchengshanjiao,"Chân Núi Thanh Thành S½n",
sn001_qinchenjinbianya,"Thanh Thành Kim Tiên Nhai",
sn001_qinchentianshidong,"Thanh Thành Thiên Sß Ðµng",
sn001_qingcheng,"Thanh Thành",
sn001_qingluoshan,"Thanh Loa S½n",
sn001_qingluoshanshengmen,"Sinh Môn Thanh Loa S½n",
sn001_qingluoshansimen,"TØ Môn Thanh Loa S½n",
sn001_qingquanpingyuan,"Bình Nguyên Thanh Tuy«n",
sn001_qingshuiba,"Thanh Thüy Bá  ",
sn001_qingshuibashiji,"Chþ Thanh Thüy Bá  ",
sn001_qingyuansi,"Thanh Vi­n Tñ ",
sn001_qingyuansiwai,"NgoÕi Viên Thanh Vi­n Tñ ",
sn001_rongyanshangu,"Dung Nham S½n C¯c",
sn001_shamo,"Sa MÕc",
sn001_shangduiyingdi,"Doanh TrÕi Thß½ng Gia",
sn001_shangyuanyingdi,"Doanh TrÕi Ði«u Thß½ng",
sn001_shanxiaochaoxue,"Sào Huy®t S½n Tiêu",
sn001_shijiaxiang,"Thi Gia HÕng",
sn001_shouxue,"Thú Huy®t",
sn001_tianhuacun,"Thiên Hóa Thôn",
sn001_tianhuacunbei,"Phía B¡c Thiên Hóa Thôn",
sn001_tianhuacundong,"Phía Ðông Thiên Hóa Thôn",
sn001_tianhuacundongbei,"Ðông B¡c Thiên Hóa Thôn",
sn001_tianhuacundongnan,"Ðông Nam Thiên Hóa Thôn",
sn001_tianhuacunnan,"Phía Nam Thiên Hóa Thôn",
sn001_tianhuacunxi,"Phía Tây Thiên Hóa Thôn",
sn001_tianhuacunxinan,"Phía Tây Nam Thiên Hóa Thôn",
sn001_tianhuacunyewai,"NgoÕi Viên Thiên Hóa Thôn",
sn001_tianyunxiaojin,"Thiên Vân Ti¬u Kính",
sn001_wangjianglou,"V÷ng Giang L¥u",
sn001_weijiacun,"Ngøy Gia Thôn",
sn001_wenquangu,"Ôn Tuy«n C¯c",
sn001_wuduqv,"Khu Ô Ðµc ",
sn001_wufengcaotan,"Ð¥m Ô Phong Thäo",
sn001_wugongshan,"Ngô Công S½n",
sn001_wuhouci,"Võ H¥u T× ",
sn001_xiaochangbaishanguanmulin,"Ti¬u Trß¶ng BÕch S½n Quán Mµc Lâm",
sn001_xiaochangbaishanshudong,"Ti¬u Trß¶ng BÕch S½n S½n Ðµng",
sn001_xieshendian,"Tà Th¥n Ði®n",
sn001_xijiaohuangdao,"Hoang ÐÕo Phía Tây",
sn001_xiuzhenfang,"Tu Chân Phòng",
sn001_xueshancunluo,"Tuyªt S½n Thôn LÕc",
sn001_xueshanliechang,"Tuyªt S½n LÕp Trß¶ng",
sn001_xueshen,"Huyªt Th¥n Thôn",
sn001_xueshenfight,"Huyªt Th¥n Phü ",
sn001_xueshenlie,"Huyªt Th¥n LÕp Trß¶ng",
sn001_xuesonglindi,"Tuyªt Tùng Lâm Ð¸a",
sn001_yalingzhai,"Nha Lâm TrÕi",
sn001_ybyshanjiao,"Chân Núi Ngßng Bích Nhai",
sn001_yeluopo,"Ð°i Dã La",
sn001_yingbiya,"Ngßng Bích Nhai",
sn001_yingbiyahoushan,"H§u S½n Ngßng Bích Nhai",
sn001_yingbiyamidong,"M§t Ðµng Ngßng Bích Nhai",
sn001_yuanlingfeixv,"Oán Linh Phª Tích ",
sn001_yuchengcun,"Døc Thành Thôn",
sn001_yuchengcunbei,"Phía B¡c Døc Thành Thôn",
sn001_yuchengcundong,"Phía Ðông Døc Thành Thôn",
sn001_yuchengcunnan,"Phía Nam Døc Thành Thôn",
sn001_yuefu,"NhÕc Phü ",
sn001_yunlingshancun,"Vân Linh S½n Thôn",
sn001_yunlingyoujing,"Vân Linh U Kính",
sn001_yunlingzhuhai,"Vân Linh Trúc Häi",
sn001_yuqingguan,"Ng÷c Thanh Quan",
sn001_yushendong,"Ngß Th¥n Ðµng",
sn001_zhaoshendian,"Tri®u Th¥n Ði®n",
traffic_station_changshacheng,"Trß¶ng Sa Thành",
traffic_station_chendu,"Thành Ðô ",
traffic_station_chengduchengdong,"Thành Ðô Thành Ðông",
traffic_station_chengduguangchang,"Quäng Trß¶ng Thành Ðô ",
traffic_station_chengduyou,"Thành Ðô Hæu",
traffic_station_chengduzuo,"Thành Ðô Tä ",
traffic_station_chujijingjichang,"L¯i Vào Ð¤u Trß¶ng S½ C¤p",
traffic_station_chujijingjiguanli,"Quän Lý S½ C¤p",
traffic_station_danfangchukou,"L¯i Ra Phòng Luy®n Ðan",
traffic_station_danfangrukou,"L¯i Vào Phòng Luy®n Ðan",
traffic_station_fubenchukou,"CØa Ra C¤m Ð¸a",
traffic_station_gaojijingjichang,"L¯i Vào Ð¤u Trß¶ng Cao C¤p",
traffic_station_gaojijingjiguanli,"Quän Lý Cao C¤p",
traffic_station_guihongsenlin,"QuÖ H¯ng Lâm",
traffic_station_guihua,"Quª Hoa S½n",
traffic_station_guihuashanfuben1,"BÕch Anh Vû ",
traffic_station_guihuashanfuben2,"Thiªt Khuy¬n",
traffic_station_guihuashanfuben3,"Ðµng Kh¦u H°ng Hoa Ðµng Quª Hoa S½n",
traffic_station_guiwu,"Quª Hoa S½n C± Quª Bình",
traffic_station_hanbingqv,"Hàn Bång Khu",
traffic_station_huzhuashan,"TrÕm D¸ch Chuy¬n H± Träo S½n",
traffic_station_jitan,"Tª Ðàn",
traffic_station_lieyanqv,"Li®t Di­m Khu",
traffic_station_mangcangshan,"Mã Hùng Thôn",
traffic_station_mogongfubenrukou1,"L¯i Vào C¤m Ð¸a Ma Cung Thanh Loa S½n 1",
traffic_station_mogongfubenrukou2,"L¯i Vào C¤m Ð¸a Ma Cung Thanh Loa S½n 2",
traffic_station_mogongfubenrukou3,"L¯i Vào C¤m Ð¸a Ma Cung Thanh Loa S½n 3",
traffic_station_mogongfubenrukou4,"L¯i Vào C¤m Ð¸a Ma Cung Thanh Loa S½n 4",
traffic_station_mogongneiting,"Ma Cung nµi sänh",
traffic_station_muxuenei,"L¯i Ra Th¥n Bí Mµ Huy®t",
traffic_station_muxuewai,"L¯i Vào Th¥n Bí Mµ Huy®t",
traffic_station_ningbiya,"TrÕm D¸ch Chuy¬n Ngßng Bích Nhai",
traffic_station_qingluoshan,"Thanh Loa S½n",
traffic_station_qingshuiba,"Chþ Thanh Thüy Bá ",
traffic_station_qixingtai1,"CØa vào Th¤t Tinh Ðài",
traffic_station_qixingtai1d,"CØa ra Th¤t Tinh Ðài",
traffic_station_qixingtai2,"CØa vào Th¤t Tinh Ðài T¥ng 2",
traffic_station_qixingtai2d,"CØa ra Th¤t Tinh Ðài T¥ng 2",
traffic_station_qixingtai3,"CØa vào Th¤t Tinh Ðài T¥ng 3",
traffic_station_qixingtai3d,"CØa ra Th¤t Tinh Ðài T¥ng 3",
traffic_station_qixingtai4,"CØa vào Th¤t Tinh Ðài T¥ng 4",
traffic_station_qixingtai4d,"CØa ra Th¤t Tinh Ðài T¥ng 4",
traffic_station_qixingtai5,"CØa vào Th¤t Tinh Ðài T¥ng 5",
traffic_station_qixingtai5d,"CØa ra Th¤t Tinh Ðài T¥ng 5",
traffic_station_quanguogede,"Thành Ðô ",
traffic_station_shangyuanyindi,"TrÕm D¸ch Chuy¬n Doanh TrÕi Ði«u Thß½ng",
traffic_station_sheshanshanxia,"Chân Núi Tà S½n",
traffic_station_tianhua,"Quäng Trß¶ng Thiên Hóa Thôn",
traffic_station_tianhuacun,"Thiên Hóa Thôn",
traffic_station_wenzhuchukou,"L¯i ra Vån Chu Khu",
traffic_station_wenzhurukou,"L¯i vào Vån Chu Khu",
traffic_station_wuduqv,"Nhi­m Tà Khu",
traffic_station_xueshan,"Tuyªt s½n",
traffic_station_xueshancun,"Tuyªt S½n Thôn",
traffic_station_xueshen1,"Huyªt Th¥n Phü Tä ",
traffic_station_xueshen2,"Huyªt Th¥n Phü Hæu",
traffic_station_xueshenlie,"Huyªt Th¥n LÕp Trß¶ng",
traffic_station_xueshennei,"Huyªt Th¥n Phü nµi thành",
traffic_station_xueshenwai,"Huyªt Th¥n Phü NgoÕi Thành",
traffic_station_yuchen,"Quäng Trß¶ng Døc Thành Thôn",
traffic_station_yuchengcun,"Døc Thành Thôn",
xqIndex,"Bách C¥m ÐÕo Nhân Công Dã Hoàng là ngß¶i tinh Thông thú ngæ, có th¬ giao tiªp v¾i các loÕi dã thú khác nhau. Cách ðây tråm nåm, ngß¶i nghe th¤y tiªng kêu cüa Tiên C¥m BÕch Anh Vû và tìm ðßþc mµt bµ ðÕo thß. Sau nhi«u nåm tu luy®n theo bí kíp, cu¯i cùng ðã ð¡c ðÕo và sáng l§p Tiên C¥m Môn. Môn phái Tiên C¥m có khä nång trßng døng mãnh lñc cüa các loài dã thú ð¬ nâng cao nång lñc bän thân.
Chï s¯ c½ bän: Sinh M®nh / Pháp Lñc
¿u thª môn phái: Thu¥n luy®n dã thú
Khuyªt ði¬m môn phái: Yªu thª h½n so v¾i các môn phái khác, nhßng có khä nång hþp sÑc v¾i linh thú ð¬ ð« cao nång lñc
Tác døng t± ðµi: V¸ trí công kích t× xa, v¸ trí thÑ 2 có khä nång tiªp nh§n sát thß½ng do ð¯i thü gây ra
Vû khí khä døng: Cung, nö
H® ð£c thù: Thüy, ðµc là hai thuµc tính chü yªu trong công kích cüa Tiên C¥m Linh Thú 
Ti«m nång chü yªu: Trí Tu®",
ip_vn001,"Cß¶ng Hi®u Linh Bäo Th¥n Phù ",
ip_vn002,"Ti¬u Phúc Bao",
ip_vn003,"B¯i Bao",
ip_vn004,"Mµc Công Th¥n Phù",
ip_vn005,"Cß¶ng Hi®u Mµc Công Th¥n Phù",
ip_vn006,"Pháp Bäo T¦y Ði¬m Phù",
ip_vn007,"Linh Bäo Th¥n Phù",
ip_vn008,"Miêu Nhãn ThÕch",
ip_vn009,"Lam Thüy Tinh",
ip_vn010,"Trung Hoành Bäo ThÕch",
ip_vn011,"Trung Quang Bäo ThÕch",
ip_vn012,"ÐÕi Hoành Bäo ThÕch",
ip_vn013,"ÐÕi Quang Bäo ThÕch",
ip_vn014,"Thiên Thanh Bäo ThÕch",
ip_vn015,"Hoàng Kim Bäo ThÕch",
ip_vn016,"HÕt Gi¯ng May M¡n",
ip_vn017,"Th¤t Tinh Thái Tinh",
ip_vn018,"Thái Tinh",
ip_vn019,"Kim Thái Thái Tinh",
ip_vn020,"Tuyªt Tinh May M¡n",
ip_vn021,"Huyªt Kim Kim Bäo ThÕch",
ip_vn022,"Tiên Gi¾i Gia Huyªt Dßþc Thüy (c¤p 2)",
ip_vn023,"Qu¥n Tinh Cñ Tßþng Gi¾i Chï",
ip_vn024,"Qu¥n Tinh ÐÕi Hùng Gi¾i Chï",
ip_vn025,"Qu¥n Tinh Häi Tßþng Gi¾i Chï",
ip_vn026,"Qu¥n Tinh Linh H° Gi¾i Chï",
ip_vn027,"Vçn Tinh Hµ Phù",
ip_vn028,"Hoà Phong Bäo Tß½ng (Ph§t Môn)",
ip_vn029,"Hoà Phong Bäo Tß½ng (Nga Mi)",
ip_vn030,"Hoà Phong Bäo Tß½ng (Bách Hoa)",
ip_vn031,"Hoà Phong Bäo Tß½ng (Thanh Thành)",
ip_vn032,"Hoà Phong Bäo Tß½ng (Tiên C¥m)",
ip_vn033,"Linh Chi Tiên (Thu¥n Thú) ",
ip_vn034,"Kim Mao Viên (Thu¥n Thú) ",
ip_vn035,"Tuyªt Khiêu KÏ Khuy¬n (Thu¥n Thú)",
ip_vn036,"Sách Tång Gi¾i HÕn Th¬ Lñc",
ip_vn037,"Sách Tång Gi¾i HÕn Pháp Lñc",
ip_vn038,"Sách Tñ Nh£t Ð°",
ip_vn039,"Ti¬u ThØ",
ip_vn040,"Höa Ly ThØ",
ip_vn041,"Hoàng Kim KÏ Khuy¬n (Thu¥n Thú)",
ip_vn042,"Thüy Lam Tê Ði¬u (Thu¥n Thú)",
ip_vn043,"Ti¬u Dß½ng Thông (Thu¥n Thú) ",
ip_vn044,"Sách Tång Linh Lñc Cao C¤p",
ip_vn045,"Sách Tång Phòng Ngñ",
ip_vn046,"Ngân Lang",
ip_vn047,"Hoä Lang",
ip_vn048,"Lam Di­m Mã (KÜ Thú)",
ip_vn049,"Nguy®t Hùng (KÜ Thú)",
ip_vn050,"Xích Di­m Mã (KÜ Thú)",
ip_vn051,"BÕch Hùng (KÜ Thú)",
ip_vn052,"Løc An Thái Tinh",
ip_vn053,"Th¤t Long Thái Tinh",
ip_vn054,"Th§p Di®n Thái Tinh",
ip_vn055,"Bát Tâm Thái Tinh",
ip_vn056,"CØu Trùng Thái Tinh",
ip_vn057,"Kinh Nghi®m Th¥n Ðan",
ip_vn058,"Huyªt Bäo Th¥n Ðan",
ip_vn059,"Hô Phong Gi¾i Chï",
ip_vn060,"Hoán Vû Hµ Phù",
ip_vn061,"Hoan HÖ Gi¾i Chï ",
ip_vn062,"Ngân Quang Tê Ði¬u (Thu¥n Thú)",
ip_vn063,"Lßþng Ngân Ðài",
ip_vn064,"Bäo Liên Ðài",
new_role_hair_faxing6,"Ki¬u tóc 6",
new_role_hair_faxing7,"Ki¬u tóc 7",
new_role_hair_faxing8,"Ki¬u tóc 8",
new_role_head_lianxing6,"Dung mÕo6",
new_role_head_lianxing7,"Dung mÕo7",
new_role_head_lianxing8,"Dung mÕo8",
npc_4792,"Th¥n Tài",
npc_4793,"Süng V§t Thß½ng Nhân",
npc_4794,"TÕp Hóa",
npc_5043,"Th¥n Tång",
npc_5045,"Mµc Rß½ng",
npc_5046," ",
npc_5047,"ÐÕo T£c Ðoan Ng÷",
npc_5048,"ÐÕo T£c Ðoan Ng÷",
npc_5049,"ÐÕo T£c Ðoan Ng÷",
npc_5050,"ÐÕo T£c Ðoan Ng÷",
npc_5051,"ÐÕo T£c Ðoan Ng÷",
npc_5052,"ÐÕo T£c Ðoan Ng÷",
npc_5053,"ÐÕo T£c Ðoan Ng÷",
npc_5054,"A Phiêu",
npc_5055,"Bánh Ú",
npc_5056,"Thuy«n R°ng",
npc_5057,"Long Trø",
npc_5058," ",
npc_5059," ",
npc_5060,"Tiên Linh Ð® TØ",
npc_5061,"Bäo ThÕch Thß½ng Nhân",
sn001_baimanshan,"Bách Man S½n",
sn001_chishendong,"Xích Thân Ðµng",
sn001_diliewadi,"Nham Tß½ng Li®t Oa Ð¸a",
sn001_eguixia,"Ác QuÖ HÕp",
sn001_eguixianan,"Nam Ác QuÖ HÕp",
sn001_eguixiabei,"B¡c Ác QuÖ HÕp",
sn001_kongquehe,"Kh±ng Tß¾c Hà",
sn001_qingshizhou,"Thanh ThÕch Châu",
sn001_shihualin,"ThÕch Hóa Lâm",
sn001_sikuangya,"TÑ Hoang Nhai",
sn001_xuantiekuangshan,"Huy«n Thiªt Khoáng S½n",
sn001_yijidongbu,"TÑ Hu¯ng Nhai",
sn001_yijixibu,"Tª Phong Ðài",
sn001_yijinanbu,"Bách Man S½n QuÖ Tr¤n",
sn001_yijibeibu,"Di Tích B¡c Bµ",
channelpage7,"H® Th¯ng",
credit_yuelongcun,"Nguy®t Long Thôn",
ectype_61to65simenshan,"TÑ Môn S½n Ngân H° Ðµng",
map_zone21,"TÑ Môn S½n",
map_zone22,"TÑ Môn S½n Tây Bµ",
npc_2070,"Nguy®t Long Thôn SÑ Giä",
npc_2071,"Nguy®t Long Thôn Truy«n T¯ng SÑ",
npc_4930,"Ti¬u QuÖ Canh Gác",
npc_4931,"Bßu Hãn Thü V®",
npc_4932,"Thâm Huy®t Ðµc Xà",
npc_4933,"Huy®t Cß Phiên Phúc",
npc_4934,"H÷a Bì Ngân H°",
npc_4935,"Chu H°ng Hµ V®",
npc_4936,"Thê TØ Chu H°ng",
npc_4937,"Ti¬u Nhi Næ",
npc_4938,"Nguy®t Long Tiên Sinh",
npc_4939,"Dûng Sî Cu¯i Cùng",
npc_4940,"Thü Lînh Thâm Huy®t Ðµc Xà",
npc_4941,"Thü Lînh Huy®t Cß Phiên Phúc",
npc_4942,"Tu¥n La Giám Th¸ Trß·ng",
npc_4943,"Tu¥n La Giám Th¸ Trß·ng",
npc_4944,"Tu¥n La Giám Th¸ Trß·ng",
npc_4945,"Ti¬u Nhi Næ",
npc_4946,"Ti¬u Hài Ð°ng",
npc_4947,"Ti¬u Nhi Næ",
npc_4948,"Ti¬u Hài Ð°ng",
npc_4949,"Ti¬u Nhi Næ",
npc_4950,"Thiªt Môn",
npc_4951,"Thiªt Môn",
npc_4952,"Thâm Huy®t Ðµc Xà",
npc_4953,"Huy®t Cß Phiên Phúc",
npc_4954,"Tu¥n La Hµ V®",
npc_4955,"Tu¥n La Hµ V®",
npc_4956,"Tu¥n La Hµ V®",
npc_4957,"H²n Nguyên Ðïnh",
npc_4958,"Thüy Nguyên Ðïnh",
npc_4959,"Kim Nguyên Ðïnh",
npc_4960,"Höa Nguyên Ðïnh",
npc_4961,"Tài Chü",
npc_4962,"Hµ V®",
npc_4963,"Tª Tñ",
npc_4964,"Trß·ng Lão",
npc_4965,"Bao Ðä Thính",
npc_4966,"Dßþc Sß",
npc_4967,"Thiªt Tßþng",
npc_4968,"BÕo Ð°",
npc_4969,"Phï Bang",
npc_4970,"Kim Giác ÐÕi Vß½ng Ô La Bäo",
npc_4971,"Ô Ðà",
npc_4972,XÕ,
npc_4973,"Long Quä Thø",
npc_4974,"Dã Quä Thø",
npc_4975,"Nguy®t Long Hµ V®",
npc_4976,"Bách Man S½n B¯ Y Ð® TØ",
npc_4977,"Ngân Giác ÐÕi Vß½ng Häi La B¯",
npc_4978,Rß½ng,
npc_4979,"Nguy®t Long Ð¤u Sî",
npc_4980,"TÑ Môn S½n Ác Hán",
npc_4981,"TÑ Môn S½n Tu Sî",
npc_4982,"Nµi Gián Nguy®t Long Thôn",
npc_4983,"Yêu ÐÕo Tháp Cách Nhî",
npc_4984,"Bách Man S½n Ð¸a Tinh",
npc_4985,"Linh Chi Tiên",
npc_4986,"Cô Mµc Quái",
npc_4987,"Yêu Khí",
npc_4988,"Nguy®t Long Dûng Sî",
npc_4989,"Hß½u CØu S¡c",
npc_4990,"CØu Vî Ngân H°",
npc_4991,"Huyªt Phiên Phúc",
npc_4992,"Tanh H°ng Ðµc Khiªt",
npc_4993,"Bách Man S½n Nh§p Môn Ð® TØ",
npc_4994,"ThÕch Tßþng Quái",
npc_4995,"Nguy®t Long Hi®p Khách",
npc_4996,"H¡c Phong Lão Yêu Phân Thân",
npc_4997,"H¡c Phong Lão Yêu Phân Thân",
npc_4998,"H¡c Phong Lão Yêu",
npc_4999,"Ngû Ðài Phái Bang Chúng",
npc_5000,"Ngû Ðài Phái Lñc Sî",
npc_5001,"Chu H°ng",
npc_5002,"Nguy®t Long Bá Chü",
npc_5003,"Sß TØ Thiên Vß½ng Long Hóa",
npc_5004,"Ð¸a Linh Thäo",
npc_5005,"Linh Châu TØ",
npc_5006,"Bách Niên Thø Tinh",
npc_5007,"Huy«n Höa Hùng Sß",
npc_5008,"Lßu Ly Hùng Sß",
npc_5009,"Ma Kim Lang KÜ",
npc_5010,"Phï Ð° Chi Rß½ng",
npc_5011,"„u Nhi B¸ Giam C¥m",
npc_5012,"Yêu Khí (Tri®u H°i)",
npc_5013,"Bäng B¯ Cáo",
npc_5014,"BÕch Vân ÐÕi Sß",
npc_5015,"Thông Tý Th¥n Viên Lý Ninh",
npc_5016,"Xan Hà ÐÕi Sß",
npc_5017,"Truy Vân T¦u BÕch C¯c D§t",
npc_5018,"Bách C¥m ÐÕo Nhân Công Dã Hoàng",
npc_5019,"BÕch Vân ÐÕi Sß Nguyên Th¥n",
npc_5020,"Thông Tý Th¥n Viên Lý Ninh Nguyên Th¥n",
npc_5021,"Xan Hà ÐÕi Sß Nguyên Th¥n",
npc_5022,"Truy Vân T¦u BÕch C¯c D§t Nguyên Th¥n",
npc_5023,"Bách C¥m ÐÕo Nhân Công Dã Hoàng Nguyên Th¥n",
npc_5024,Rß½ng,
npc_5025,Rß½ng,
npc_5026,"An Nhã",
npc_5027,"Thø Thß½ng Thôn Dân",
npc_5028,"Rß½ng Cû",
npc_5029,"Bách Man S½n Ti¬u Côn Ð°",
npc_5030,"Dß½ng Thiên Sß",
npc_5031,"Vô Danh",
npc_5032,"Quän Lý Bßu Ki®n",
npc_5033,"Thß½ng Gia Nguy®t Long Thôn",
npc_5034,"Ti¬u Thôn Dân",
npc_5035,"Lß½ng Trung",
npc_5036,"Tiên Gi¾i Linh ThÕch",
npc_5037,"Mµc Nguyên Ðïnh",
npc_5038,"Pháp Bäo Tinh Linh",
Scenestable_yinge,"†n Các",
Scenestable_yinhudong,"Ngân H° Ðµng",
sn001_feixue,"Phï Huy®t",
sn001_kumulin,"Cô Mµc Lâm",
sn001_shanfeilaochao,"Sào Huy®t S½n Phï",
sn001_simenshanlu,"TÑ Môn S½n XÕ",
sn001_simenshandongbu,"TÑ Môn S½n Ðông",
sn001_simenshannanbu,"TÑ Môn S½n Nam",
sn001_yuelongcunyizhi,"Di Tích Nguy®t Long Thôn",
sn001_yuelongcun,"Nguy®t Long Thôn",
sn001_yuelongcunjiaowai,"NgoÕi Viên NLThôn",
traffic_station_yuelongcunshizhe,"Thành Ðô",
traffic_station_yuelongcunchuansongshizhe,"Nguy®t Long Thôn",
ip_vn065,"Thë Ðµc Bá Thiên HÕ",
item_mod__m_class1,Boost,
item_mod_m_class2,Enhancement,
item_mod_m_class3,Mount,
item_mod_m_class4,Bags,
item_mod_m_class5,Pet,
item_mod_m_class6,Gems,
item_mod_m_class7,Medicine,
item_mod_m_class8,PVP,
item_mod_m_class9,Miscellaneous,
item4583,"Ngß½i ð×ng cho r¢ng chï c¥n thi tri¬n Linh Th¸ Vû là có th¬ th¤y ðßþc tung tích cüa sß phø ta t× trong ð¥u ta! Các ngß¶i ð×ng hòng, a!...",
item4599,"L¥n này may mà có ngß¶i, t× nay v« sau ta s¨ không hành ðµng l² mãng næa.",
item4604,"Ta ðã khöe h½n nhi«u r°i, ða tÕ ngß¶i trë tu±i!",
item4610,"Ta lÕi có ðßþc tñ do r°i! Ða ta kÏ hi®p, c¥u tr¶i phù hµ ngß¶i!",
item4655,"Các ngß½i ð×ng hòng b¡t ðßþc ta. Mau thä ta ra!",
item4656,"Các ngß½i ð×ng hòng b¡t ðßþc ta. Mau thä ta ra!",
item4657,"Các ngß½i ð×ng hòng b¡t ðßþc ta. Mau thä ta ra!",
item4658,"Các ngß½i ð×ng hòng b¡t ðßþc ta. Mau thä ta ra!",
item4659,"Các ngß½i ð×ng hòng b¡t ðßþc ta. Mau thä ta ra!",
map_zone23,"Bách Man S½n",
map_zone24,"Phong Ba Tu Luy®n Trß¶ng",
map_zone25,"Vân Linh S½n Xà Huy®t",
map_zone26,"H¡c Phong TrÕi Hoan Hï Ði®n",
map_zone28,"H± Träo S½n Ð¢ng Tu Ðµng",
msg_attack_tower,"Chú ý: Ðã có bang chü phe công thành ðang giäi phong ¤n.",
npc_5062,"Ði«n Tây Sî Binh",
npc_5063,"Ô Kim H¡c Sa Thú",
npc_5064,"Ði«n Tây Võ Sî",
npc_5065,"Nam Man Cung Ti­n Thü",
npc_5066,"Höa Nhãn Toan Nghê",
npc_5067,"Ðµc Long Th¸ V®",
npc_5068,"Ðµc Long Quái",
npc_5069,"Kim Châm Thánh Næ",
npc_5070,"Løc Mao Tam Ð¥u Khuy¬n",
npc_5071,"Phù Chú Næ Yêu",
npc_5072,"QuÖ Phù Thiên Sß",
npc_5073,"Tiên Thiên Phong Linh",
npc_5074,"QuÖ Phong Linh",
npc_5075,"Minh Phü ÐÕo Trß·ng",
npc_5076,"QuÖ Höa Viêm Ma",
npc_5077,"QuÖ Kh¤p Nham Ma",
npc_5078,"QuÖ TØ Tinh Ma",
npc_5079,"Ti¬u Trß¶ng Tý Ma",
npc_5080,"Mãng C± Chu Thi«m",
npc_5081,"Vu C± Nô Tà Ác",
npc_5082,"Vu C± Nô Lß½ng Thi®n",
npc_5083,"Thiên Nguyên U Äo C±",
npc_5084,"Bát Tý Ngô Công Nhân",
npc_5085,"Cñ Hình Ngô Công Nhân",
npc_5086,"Trß¶ng Tý Ma Tµc Trß·ng",
npc_5087,"Ti¬u Xích Chu",
npc_5088,"Ngßng Huyªt Ðao Khách",
npc_5089,"Xích S¡c Man Ngßu",
npc_5090,"Ma Môn Ð¤u Sî",
npc_5091,"Bång Tinh Tà Anh",
npc_5092,"Ma Môn Vu Sß",
npc_5093,"Ði«n Biên Ðµc Dång",
npc_5094,"DÕ Hành S½n QuÖ",
npc_5095,"Tân Thìn TØ Tân Binh",
npc_5096,"Ðß¶ng ThÕch Tân Binh",
npc_5097,"Løc Bào Chân Truy«n Ð® TØ",
npc_5098,"Tr¤n Long Ðình Thü V®",
npc_5099,"Bích Nhãn Huyªt Ma",
npc_5100,"Tiªt Bình",
npc_5101,"Ti«n Thanh Tuy¬n",
npc_5102,"Sß Vån Cung",
npc_5103,"SØ L®",
npc_5104,"Tr¸nh Nguyên Quy",
npc_5105,"Ðµng Huy«n Tiên Bà",
npc_5106,"H°ng Trß¶ng Báo",
npc_5107,"Lôi Trác TØ",
npc_5108,"Tùy Dçn",
npc_5109,"Ki«u Th÷",
npc_5110,"Mai Lµc TØ",
npc_5111,"Trí Vån ThÕch",
npc_5112,"Xích Quang Nguyên ThÕch",
npc_5113,"H¡c Sát LÕc H°n Sa",
npc_5114,"Th¤t Tâm Thäo",
npc_5115,"Huy«n Thiªt Khoáng ThÕch",
npc_5116,"Xích Chu Noãn",
npc_5117,"TØ Kim B¢ng Thäo",
npc_5118,"ThÕch Tinh Hoa",
npc_5119,"Bång Ngân T½",
npc_5120,"D¸ Tînh",
npc_5121,"Ð°ng Nguyên KÏ",
npc_5122,"Bách Hþp",
npc_5123,"Huy«n Hu®",
npc_5124,"Ð® TØ Ph§t Môn",
npc_5125,"Ð® TØ Bách Hoa",
npc_5126,"Løc Mçn",
npc_5127,"Khß½ng ThÑ",
npc_5128,"Tß Ð° Minh",
npc_5129,"Úy Trì Höa",
npc_5130,"Nguyên Giác ÐÕi Sß",
npc_5131,"Bào TØ Ma Khu¦n",
npc_5132,"Bách Man S½n QuÖ",
npc_5133,"Thß½ng Viên",
npc_5134,"Vu C± Nô Trß·ng Lão",
npc_5135,"D¸ Thú Thu¥n Giä",
npc_5136,"Bång Lång Tiên Sâm",
npc_5137,"Tiên Chi",
npc_5138,"Thiên Niên Xích Chu",
npc_5139,"U Äo C± Phöng Chª",
npc_5140,"Ngân H°",
npc_5141,"Th¥n NgÕc",
npc_5142,"Kim Cang Viên H¥u",
npc_5143,"Phi Thiên DÕ Xoa",
npc_5144,"Ác Linh Chiªn Sî",
npc_5145,"VÕn C¯t Ðµc Long",
npc_5146,"Thiªt Sa Chß·ng Ki«u ÐoÕn",
npc_5147,"Ph§t Quang Ph± Chiªu",
npc_5148,"H§u Giáp Lßu Hoàng Thú",
npc_5149,"Xích Thân N² Thü",
npc_5150,"Dung Nham Cñ Nhân",
npc_5151,"QuÖ H°n",
npc_5152,"Ngßu Ð¥u Mã Di®n",
npc_5153,"Ð° T¬",
npc_5154,"Cñ Oa Nhân",
npc_5155,"Tê Ngßu Thú Vß½ng",
npc_5156,"Cñc LÕc Ð°ng TØ",
npc_5157,"Tinh Tinh Dßþc Nhân",
npc_5158,"Ði®p Dûng",
npc_5159,"„u Trùng",
npc_5160,"Th¤t S¡c Ði®p Tinh",
npc_5161,"Kim Hµ Pháp",
npc_5162,"Mµc Hµ Pháp",
npc_5163,"Thüy Hµ Pháp",
npc_5164,"Höa Hµ Pháp",
npc_5165,"Th± Hµ Pháp",
npc_5166,"Li®t Bá Ða",
npc_5167,"Tân Thìn TØ",
npc_5168,"Ðß¶ng ThÕch",
npc_5169,"Nguyên Th¥n Nh¸ Gi¾i Løc Bào Lão T±",
npc_5170,"Trí Vån ThÕch",
npc_5171,"Ngßng Th¥n Kªt Gi¾i",
npc_5172,"Nguyên Th¥n Kim Hµ Pháp",
npc_5173,"Nguyên Th¥n Mµc Hµ Pháp",
npc_5174,"Nguyên Th¥n Thüy Hµ Pháp",
npc_5175,"Nguyên Th¥n Höa Hµ Pháp",
npc_5176,"Nguyên Th¥n Th± Hµ Pháp",
npc_5177,"H²n Ðµn Chi Änh",
npc_5178,"H²n Ðµn Chi Änh",
npc_5179,"H²n Ðµn Chi Änh",
npc_5180,"H²n Ðµn Chi Änh",
npc_5181,"H²n Ðµn Chi Änh",
npc_5182,"H²n Ðµn Chi Änh",
npc_5183,"H²n Ðµn Chi Änh",
npc_5190,"CØu Vî H°",
npc_5191,"Xích Thiên HÕc",
npc_5212,"Tï Võ Giáo Ð¥u",
npc_5213,"Tï Võ Giáo Ð¥u",
npc_5214,"T« LÕc Dung Dung",
npc_5216,"Quän Lý Thß½ng Kh¯ Nguy®t Long Thôn",
npc_5218,"Ð® TØ Thanh Thành",
npc_5219,"Hoàng S½n Tu Hành Giä",
npc_5220,"Tu¥n La Sai D¸ch",
npc_5221,"T« L² Hi®p Sî",
npc_5222,"H°ng Hoa Tiên TØ",
npc_5223,"Tuyªt S½n Thôn LÕp Hµ",
npc_5224,"Tuyªt S½n Hß½ng Dûng",
npc_5225,"Tuyªt Vñc Kiªm Tiên",
npc_5226,"Mã Hùng Thôn Dân",
npc_5227,"Thanh Thüy Bá Tín SÑ",
npc_5228,"Nha Lâm TrÕi Dân Binh",
npc_5229,"Ð® TØ Thanh Thành",
npc_5230,"Ð® TØ Hoàng S½n",
npc_5231,"Tu¥n La Sai D¸ch",
npc_5232,"Tùy Tùng Hi®p Sî",
npc_5233,"Ð® TØ Ð¥m Phúc Tiên",
npc_5234,"Tuyªt S½n Thôn LÕp Hµ",
npc_5235,"Tuyªt S½n Hß½ng Dûng",
npc_5236,"Tuyªt Vñc Tu Sî",
npc_5237,"Mã Hùng Hµ V®",
npc_5238,"Tín SÑ Hµ V®",
npc_5239,"Nha Lâm TrÕi Dân Binh",
npc_5240,"Thanh Sß½ng BÕch Tuyªt",
npc_5241,"Lß½ng Thäo",
Scenestable_jilejiejie,"Cñc LÕc Kªt Gi¾i",
Scenestable_liuliqingong,"Lßu Ly T¦m Cung",
Scenestable_yinfengdong,"Bách Man S½n Âm Phong Ðµng",
Scenestable_yinfengdongjintou,"T§n Cùng Âm Phong Ðµng",
Scenestable_renjiandiyu,"Nhân Gian Ð¸a Ngøc",
sn001_baoxuejingji,"Phong Ba Tu Luy®n Trß¶ng",
traffic_station_67,"Doanh Ð¸a Tª Phong Ðài",
traffic_station_68,"Doanh Ð¸a Ngô Công S½n",
traffic_station_69,"QuÖ Tr¤n Doanh TrÕi",
traffic_station_baoxuejingjichang,"L¯i Vào Phong Ba Tu Luy®n Trß¶ng",
traffic_station_baoxuejingjiguanli,"Ngß¶i Quän Lý Phong Ba Tu Luy®n Trß¶ng",
traffic_station_huohufa,"Nguyên Th¥n Höa Hµ Pháp",
traffic_station_huoneishi,"Nµi Th¤t Höa Hµ Pháp",
traffic_station_jinhufa,"Nguyên Th¥n Kim Hµ Pháp",
traffic_station_jinneishi,"Nµi Th¤t Kim Hµ Pháp",
traffic_station_muhufa,"Nguyên Th¥n Mµc Hµ Pháp",
traffic_station_shuihufa,"Nguyên Th¥n Thüy Hµ Pháp",
traffic_station_tuhufa,"Nguyên Th¥n Th± Hµ Pháp",
traffic_station_muneishi,"Nµi Th¤t Mµc Hµ Pháp",
traffic_station_shuineishi,"Nµi Th¤t Thüy Hµ Pháp",
traffic_station_tuneishi,"Nµi Th¤t Th± Hµ Pháp",
traffic_station_liebaduo,"T§n Cùng Âm Phong Ðµng",
traffic_station_renjiandiyu,"Ð¸a Ngøc Tr¥n Gian",
ip_vn066,"Kim Vû Phøng Hoàng",
ip_vn067,"CØu Vî H°",
ip_vn068,"Xích Thiên HÕc",
credit_qiyundong,"Tê Vân Ðµng",
compose_1,"H°i Huyªt Dßþc Thüy",
compose_10,"H°i Pháp Dßþc Thüy (c¤p 3)",
compose_100,"Gia T¯c Tång Huyªt Dßþc Thüy (c¤p 7)",
compose_101,"Gia T¯c Tång Pháp Dßþc Thüy (c¤p 7)",
compose_102,"Qu¥n Th¬ H°i Huyªt Dßþc T­ (c¤p 1)",
compose_103,"Qu¥n Th¬ H°i Huyªt Dßþc T­ (c¤p 2)",
compose_104,"H°i Phøc Tinh Lñc Dßþc Thüy",
compose_105,"H°i Huyªt Chú (c¤p 6)",
compose_106,"H°i Pháp Chú (c¤p 6)",
compose_107,"H°i Huyªt Chú (c¤p 7)",
compose_108,"H°i Pháp Chú (c¤p 7)",
compose_109,"Thuµc Tính Phòng Ngñ (Höa)",
compose_11,"Gia T¯c Tång Huyªt Dßþc Thüy (c¤p 3)",
compose_110,"Thuµc Tính Phòng Ngñ (Thüy)",
compose_111,"Thuµc Tính Phòng Ngñ (Lôi)",
compose_112,"Thuµc Tính Phòng Ngñ (Ðµc)",
compose_113,"Thuµc Tính Phòng Ngñ (Ph§t)",
compose_114,"H¤p thu sát thß½ng",
compose_115,"Ma ThÕch Né Tránh S½ C¤p",
compose_116,"Ma ThÕch Né Tránh Trung C¤p",
compose_117,"Ma ThÕch Né Tránh Cao C¤p",
compose_118,"Ma ThÕch BÕo Kích S½ C¤p",
compose_119,"Ma ThÕch BÕo Kích Trung C¤p",
compose_12,"Gia T¯c Tång Pháp Dßþc Thüy (c¤p 3)",
compose_120,"Ma ThÕch BÕo Kích Cao C¤p",
compose_121,"Ma ThÕch Ch¯ng ÐÞ S½ C¤p",
compose_122,"Ma ThÕch Ch¯ng ÐÞ Trung C¤p",
compose_123,"Ma ThÕch Ch¯ng ÐÞ Cao C¤p",
compose_13,"H°i Huyªt Dßþc Thüy (c¤p 4)",
compose_14,"H°i Pháp Dßþc Thüy (c¤p 4)",
compose_15,"Gia T¯c Tång Huyªt Dßþc Thüy (c¤p 4)",
compose_16,"Gia T¯c Tång Pháp Dßþc Thüy (c¤p 4)",
compose_17,"H°i Huyªt Dßþc Thüy (c¤p 5)",
compose_18,"H°i Pháp Dßþc Thüy (c¤p 5)",
compose_19,"Gia T¯c Tång Huyªt Dßþc Thüy (c¤p 5)",
compose_2,"H°i Pháp Dßþc Thüy",
compose_20,"Gia T¯c Tång Pháp Dßþc Thüy (c¤p 5)",
compose_21,"H°i Huyªt Chú",
compose_22,"H°i Pháp Chú",
compose_23,"H°i Huyªt Chú (c¤p 2)",
compose_24,"H°i Pháp Chú (c¤p 2)",
compose_25,"H°i Huyªt Chú (c¤p 3)",
compose_26,"H°i Pháp Chú (c¤p 3)",
compose_27,"H°i Huyªt Chú (c¤p 4)",
compose_28,"H°i Pháp Chú (c¤p 4)",
compose_29,"H°i Huyªt Chú (c¤p 5)",
compose_3,"Gia T¯c Tång Huyªt Dßþc Thüy",
compose_30,"H°i Pháp Chú (c¤p 5)",
compose_31,"Ma ThÕch Th¬ Lñc S½ C¤p",
compose_32,"Ma ThÕch Th¬ Lñc Trung C¤p",
compose_33,"Ma ThÕch Th¬ Lñc Cao C¤p",
compose_34,"Ma ThÕch Th¬ Lñc Cß¶ng Lñc",
compose_35,"Ma ThÕch Th¬ Lñc Ð£c Hi®u",
compose_4,"Gia T¯c Tång Pháp Dßþc Thüy",
compose_41,"Ma ThÕch SÑc MÕnh S½ C¤p",
compose_42,"Ma ThÕch SÑc MÕnh Trung C¤p",
compose_43,"Ma ThÕch SÑc MÕnh Cao C¤p",
compose_44,"Ma ThÕch SÑc MÕnh Cß¶ng Lñc",
compose_45,"Ma ThÕch SÑc MÕnh Ð£c Hi®u",
compose_5,"H°i Huyªt Dßþc Thüy (c¤p 2)",
compose_51,"Ma ThÕch Nhanh Nh©n S½ C¤p",
compose_52,"Ma ThÕch Nhanh Nh©n Trung C¤p",
compose_53,"Ma ThÕch Nhanh Nh©n Cao C¤p",
compose_54,"Ma ThÕch Nhanh Nh©n Cß¶ng Lñc",
compose_55,"Ma ThÕch Nhanh Nh©n Ð£c Hi®u",
compose_6,"H°i Pháp Dßþc Thüy (c¤p 2)",
compose_61,"Ma ThÕch Trí Tu® S½ C¤p",
compose_62,"Ma ThÕch Trí Tu® Trung C¤p",
compose_63,"Ma ThÕch Trí Tu® Cao C¤p",
compose_64,"Ma ThÕch Trí Tu® Cß¶ng Lñc",
compose_65,"Ma ThÕch Trí Tu® Ð£c Hi®u",
compose_7,"Gia T¯c Tång Huyªt Dßþc Thüy (c¤p 2)",
compose_71,"Ma ThÕch Phòng Ngñ V§t Lý S½ C¤p",
compose_72,"Ma ThÕch Phòng Ngñ V§t Lý Trung C¤p",
compose_73,"Ma ThÕch Phòng Ngñ V§t Lý Cao C¤p",
compose_74,"Ma ThÕch Phòng Ngñ V§t Lý Cß¶ng Lñc",
compose_75,"Ma ThÕch Phòng Ngñ V§t Lý Ð£c Hi®u",
compose_76,"Viên Tinh Th¬ Xanh",
compose_77,"Mänh Tinh Th¬ Xanh",
compose_78,"Viên Thüy Tinh Xanh Nhö ",
compose_79,"Viên Thüy Tinh Xanh L¾n ",
compose_8,"Gia T¯c Tång Pháp Dßþc Thüy (c¤p 2)",
compose_80,"Mänh Mã Não Xanh",
compose_81,"Viên Mã Não Xanh Nhö ",
compose_82,"Viên Mã Não Xanh L¾n ",
compose_83,"Viên Kh±ng ThÕch Xanh Nhö ",
compose_84,"Viên Kh±ng ThÕch Xanh L¾n ",
compose_85,"Viên Tinh Th¬ Lam",
compose_86,"Mänh Tinh Th¬ Lam",
compose_87,"Viên Thüy Tinh Lam Nhö ",
compose_88,"Viên Thüy Tinh Lam L¾n ",
compose_89,"Mänh Mã Não Lam",
compose_9,"H°i Huyªt Dßþc Thüy (c¤p 3)",
compose_90,"Viên Mã Não Lam Nhö ",
compose_91,"Viên Mã Não Lam L¾n ",
compose_92,"Viên Kh±ng ThÕch Lam Nhö ",
compose_93,"Viên Kh±ng ThÕch Lam L¾n ",
compose_94,"H°i Huyªt Dßþc Thüy (c¤p 6)",
compose_95,"H°i Pháp Dßþc Thüy (c¤p 6)",
compose_96,"Gia T¯c Tång Huyªt Dßþc Thüy (c¤p 6)",
compose_97,"Gia T¯c Tång Pháp Dßþc Thüy (c¤p 6)",
compose_98,"H°i Huyªt Dßþc Thüy (c¤p 7)",
compose_99,"H°i Pháp Dßþc Thüy (c¤p 7)",
credit_lijiangcun,"L® Giang Thôn",
fuben011_dixiajinku,"Ð¸a HÕ Kim Kh¯",
fuben011_kugudong,"VÕn Trúc Gian Khô Lâu Ðµng",
fuben011_wanzhujian,"VÕn Trúc Gian",
fuben012_liuxing,"Løc Mang Tinh Tr§n",
fuben012_loutai,"Thüy TÕ Lâu Ðài",
fuben012_mishi,"Tê Vân M§t Th¤t",
fuben012_qiyundong,"Tê Vân Ðµng",
item_modkr_class1,"KÜ Thú",
item_modkr_class2,"Tính Nång",
item_modkr_class3,"Phân LoÕi",
item_modkr_class4,"Thu¥n Thú",
item_modkr_class5,"Cß¶ng Hóa",
item5011,"Dßþc quä này ðúng là äo di®u, phøc dùng chßa bao lâu ðã th¤y c½ th¬ nh© lâng lâng, th¥n khí ðînh ðÕc.",
item5023,"Pháo bông ð©p quá! — ðây t¯i ðen nhß mñc, ta sþ l¡m..",
item5024,"Ðây là thu¯c gì? Sao dùng xong lÕi th¤y nh© lâng thª này?",
map_zone37,"B¡c Ðình C¯ Ð¸a",
map_zone38,"C¤m ð¸a VÕn Trúc Gian",
map_zone39,"C¤m Ð¸a Tê Vân Ðµng",
npc_2026,"Phøc Linh",
npc_2027,"Ma Hoàng Thäo",
npc_2028,"Ngân Tê Thäo",
npc_2029,"Hoàng Tinh",
npc_2030,"Lôi Kiªn Thäo",
npc_2031,"Long Ðäm TØ",
npc_2032,"Phß½ng Giäi ThÕch",
npc_2033,"Lång Huy ThÕch",
npc_2034,"MÕnh Phàm ThÕch",
npc_2035,"Phï Thúy ThÕch",
npc_2036,"Vân Mçu ThÕch",
npc_2072,"CØa Vào Phong Ba Tu Luy®n Trß¶ng",
npc_2073,"Quän Lý Phong Ba Tu Luy®n Trß¶ng",
npc_5192,"Khô Lâu",
npc_5193,"Khô Lâu Chiªn Sî",
npc_5292,"Cß¶ng ÐÕo G¥n Thôn",
npc_5293,"Cô Mµc Lâm",
npc_5294,"Cñu Thôn Phª Tích - phía nam TMS",
npc_5295,"Ðông Tây TÑ Môn S½n",
npc_5296,"Ti¬u CØu Vî H°",
npc_5297,"Ti¬u Xích Thiên HÕc",
npc_5298,"Nguy®t Lão",
npc_5299,"Ngßu Lang",
npc_5300,"ChÑc Næ",
npc_5301,"Soái Khí Nam TØ",
npc_5305,"Hành Giä",
npc_5306,"Ana Tiên TØ",
npc_5307,"Ph§t Hoa",
npc_5308,"Quän Lý Vi®t Dã S½ C¤p",
npc_5309,"Quän Lý Vi®t Dã Cao C¤p",
npc_5310,Ðích,
npc_5311,"Ði¬m ghi nh§n nØa ðß¶ng",
npc_5318,"Nguy®t Long Thôn Quan SÑ",
npc_5319,"D¸ch TrÕm Phía Tây Thành Ðô",
npc_5321,"Hoang Linh Ti«m Phøc Giä",
npc_5322,"Hoang Linh Thü V®",
npc_5323,"Tinh Anh Phi Ngô Công",
npc_5324,"Tinh Anh Phi Xà",
npc_5325,"Hoang Linh Tà Chü",
npc_5326,"Hoang Linh Ti«m Phøc Giä Thü V®",
npc_5327,,
npc_5328,"Nh¤t Tinh Tiên Châu",
npc_5329,"Nh¸ Tinh Tiên Châu",
npc_5330,"Tam Tinh Tiên Châu",
npc_5331,"TÑ Tinh Tiên Châu",
npc_5332,"Nguy®t Th¯",
npc_5333,"TØ Vong Linh",
npc_5334,"Tiêu Diêu TØ",
npc_5335,"Ð¦u Nam (PLP)",
npc_5336,"Lang Nhân (PLP)",
npc_5337,"Tµc Trß·ng (PLP)",
npc_5338,"Bang Chiªn B¯ Cáo",
npc_5339,"Vân Linh S½n Doanh TrÕi Xích H¥u",
npc_5340,"Tu® Nhai Hành Giä",
npc_5341,"Thß½ng Ðµi T°n Nhân",
npc_5342,"Thß½ng Ðµi Trß·ng",
npc_5343,"Truy«n T¯ng ThÕch",
npc_5344,"Truy«n T¯ng ThÕch",
npc_5345,"Truy«n T¯ng ThÕch",
npc_5346,"Truy«n T¯ng ThÕch",
npc_5347,"Truy«n T¯ng ThÕch",
npc_5500,"CØu Hæu Nhân",
npc_5501,"CØu Chï Tiên",
npc_5502,"HÕ H¥u Qu¯c Ð¯ng",
npc_5503,"Lý Nguyên Hóa",
npc_5504,"CØu Kª Trung",
npc_5505,"Thôn Dân Lý Tam",
npc_5506,"Ti¬u Vû",
npc_5507,,
npc_5508,,
npc_5509,,
npc_5510,"Xuân Hi¬u",
npc_5511,"Lý Giang Thôn Tài Chü",
npc_5512,"Trù TØ",
npc_5513,"Hoa Ðång Lão Nß½ng",
npc_5514,"S½n Kê",
npc_5515,"Quä Viên Nông Phu",
npc_5516,"Quä Viên Nông Phø",
npc_5517,"Kho Lß½ng Thü V®",
npc_5518,"Quái Khiªt",
npc_5519,"Sam Lâm Ti¬u Yêu",
npc_5520,"Kiªm Linh Thü V®",
npc_5521,"H¡c Th± S½n Quái",
npc_5522,"Huyªt Biªn Hình Trùng",
npc_5523,"Tê Vân ÐÕo Sî",
npc_5524,"Thüy Quái",
npc_5525,"Thø Trùng",
npc_5526,"Læ ThØ",
npc_5527,"Sam Lâm Tinh Quái",
npc_5528,"Ðµc Ði¬u",
npc_5529,"H¡c Th± ThÕch Quái",
npc_5530,"Oan Ni®m Kiªm Linh",
npc_5531,"Cu°ng Mang",
npc_5532,"Ðß¶ng Châu",
npc_5533,"Li­u Yªn Nß½ng",
npc_5534,"Ngû Phong Thäo",
npc_5535,"Nguyên T× Cñc ThÕch",
npc_5536,"Ti¬u Bäo Tß½ng",
npc_5537,"Ðàn Cá",
npc_5538,"R± Trái Cây",
npc_5539,"Túi Lß½ng",
npc_5540,"Trúc TØ",
npc_5541,"TØ Thüy Tinh C¥u",
npc_5542,"Nguyên Th¥n Lý Nguyên Hóa",
npc_5543,"Ðiên Cu°ng ÐÕo Nhân",
npc_5544,"Mê Muµi Tinh Quái",
npc_5545,"Thiªt Tßþng",
npc_5546,"Quän Lý Thß½ng Kh¯",
npc_5547,"Quän Lý Bßu Ki®n",
npc_5548,"D¸ch TrÕm",
npc_5549,"Nguyên Th¥n Li­u Yªn Nß½ng",
npc_5550,"Minh Viêm Ðînh",
npc_5551,"Minh Viêm Ðînh",
npc_5552,"Kªt Gi¾i",
npc_5553,"Tinh Anh Kiªm Linh",
npc_5554,"Tinh Anh Kiªm Linh",
npc_5555,"Tinh Anh Kiªm Linh",
npc_5556,"Tinh Anh ThÕch Yêu",
npc_5557,"Tinh Anh ThÕch Yêu",
npc_5558,"Tinh Anh ThÕch Yêu",
npc_5559,"Sam Lâm Lão Quái",
npc_5560,"Kªt Tinh Trùng",
npc_shop_lijiangcunshuidian,"Dßþc Ðiªm",
npc_shop_lijiangcunwuqidian,"Võ Ðiªm",
pet157,"Ti¬u Hùng Miêu",
pet19,"Ti¬u Gia Th¯",
pet207,"Ti¬u Dß½ng Thông",
pet208,"Linh Chi Tiên",
pet209,"Ti¬u Dã La",
pet210,"Kim Mao Viên",
pet439,"Hoàng Kim KÏ Khuy¬n",
pet440,"Tuyªt Khiêu KÏ Khuy¬n",
pet441,"Ngân Quang Tê Ði¬u",
pet442,"Nhi®t Ð¾i Tê Ði¬u",
pet4602,"Ti¬u ThØ",
pet4603,"Höa Ly ThØ",
pet4648,"Ti¬u Niên Thú",
pet5185,"CØu Vî H° Ly",
pet5186,"Xích Thiên HÕc",
Scenestable_qixintaichongsheng,"Th¤t Tinh Ðài",
Scenestable_qiyundong,"Tê Vân Ðµng",
Scenestable_wanzhujian,"VÕn Trúc Gian",
sn001_beitinggudi,"B¡c Ðình C¯ Ð¸a",
sn001_jianzhong,"Th¤t Tu Kiªm Các",
sn001_lijiangcun,"L® Giang Thôn",
sn001_lishuihu,"L® Thüy H°",
sn001_qiyundong,"Ngoài Tê Vân Ðµng",
sn001_shandong,"Træ Lß½ng S½n Ðµng",
sn001_shanshulin,"Sam Thø Lâm",
traffic_station_chengduxijiao,"Phía Tây Thành Ðô",
traffic_station_lijiangcun,"L® Giang Thôn",
traffic_station_wanzhujiannpc1,"Vân Linh S½n Doanh TrÕi Xích H¥u",
traffic_station_wanzhujiannpc2,"Tu® Nhai Hành Giä",
traffic_station_wanzhujiannpc3,"Thß½ng Ðµi T°n Nhân",
traffic_station_wanzhujiannpc4,"Thß½ng Ðµi Trß·ng",
traffic_station_wanzhujiannpc5,"Oán TØ QuÖ H°n",
traffic_station_wanzhujiannpc6,"Truy«n T¯ng ThÕch",
traffic_station_yuelongcunguanguang,"Nguy®t Long Thôn Quan SÑ",
card_moon_001,"Chiªc ðèn ông sao sáng soi ð¥u ngõ, ánh trång vàng töa cùng ðôi ta. Chúc ngß¶i thß½ng hÕnh phúc yêu ð¶i nhß v¥ng trång cao, nhß ng÷n gió thu man mát.",
card_moon_002,"Tháng Tám mùa thu, lá vàng r½i chßa nhï? Ta tñ höi khi th¥m nh¾ ðªn ai. Và cûng mong ngß¶i ð×ng quên ta nhé.",
card_moon_003,"Ánh trång ðêm r¢m sáng trong v¶i vþi, ta nguy®n thành Chú Cuµi ð¬ ðßþc bên cÕnh H¢ng Nga. Em chính là H¢ng Nga cüa lòng anh.",
card_moon_004,"Tiªt thu häo nguy®t ngoÕn thiên thu; bÕch vân tuyªt s½n v¶n tiên cänh; ðích th¸ ðoàn viên tÕi Thøc S½n.",
card_moon_005,"Thß·ng nguy®t, ngoÕn hoa, cùng mÛ tØu; mµt kiªp kÏ hi®p còn h½n tiên.",
npc_5312,"Quª Mµc Quái",
npc_5313,"Ác Lang",
npc_5314,"Vi®t Dã Môn",
npc_5315,"Nguy®t Nga",
npc_5348,"Lam Mµc SÑ Giä",
npc_5349,"Two-Year Anniversary Herald",
npc_5350,"Ti¬u Sa Ni",
,,
credit_feileiling,"Phi Lôi Lînh",
ip_vn069,"Thång C¤p L­ Bao 1",
ip_vn070,"Thång C¤p L­ Bao 2",
ip_vn071,"Thång C¤p L­ Bao 3",
ip_vn072,"Thång C¤p L­ Bao 4",
ip_vn073,"Thång C¤p L­ Bao 5",
ip_vn074,"Thång C¤p L­ Bao 6",
ip_vn075,"Thång C¤p L­ Bao 7",
ip_vn076,"Thång C¤p L­ Bao 8",
ip_vn077,"Bao kï ni®m tân thü",
ip_vn078,"Qua sinh nh§t Kim Sa",
ip_vn079,"Qua sinh nh§t Th¥n Long ",
ip_vn080,"Qua sinh nh§t Huyªt Bäo",
item_mod_mars_hot,"Hàng bán chÕy",
item5692,"BÕn ðã tri®u h°i Huyªt Th¥n Tß¾ng, xin xác nh§n bÕn là ðµi trß·ng và xác nh§n dÕng phân ph¯i là dÕng do trß·ng nhóm quyªt ð¸nh, bäo ðäm phân ph¯i chính xác v§t ph¦m.",
item5692use,"BÕn ðã tri®u h°i Thøy Thú, xin xác nh§n bÕn là ðµi trß·ng và xác nh§n dÕng phân ph¯i là dÕng do trß·ng nhóm quyªt ð¸nh, bäo ðäm phân ph¯i chính xác v§t ph¦m.",
map_zone40,"ÐÕi Løc Nam Cß½ng",
npc_2074,"CØa v§n chuy¬n ÐÕi Løc Nam Cß½ng",
npc_2075,"CØa v§n chuy¬n ÐÕi Løc Tây Bµ",
npc_2076,"Truy«n T¯ng ThÕch",
npc_5184,"H§u Giáp Lßu Hoàng Thú",
npc_5185,"H§u Giáp Lßu Hoàng Thú",
npc_5186,"H§u Giáp Lßu Hoàng Thú",
npc_5187,"H§u Giáp Lßu Hoàng Thú",
npc_5188,"H§u Giáp Lßu Hoàng Thú",
npc_5351,"Trß Di®n Miêu Vß½ng",
npc_5352,"Ti¬u Viên H¥u",
npc_5353,"Ti¬u Viên H¥u",
npc_5354,"Bào TØ Nhân",
npc_5355,"Höa S½n ThÕch Thú",
npc_5356,"Tinh Linh Dung Nham",
npc_5357,"Lßu Tinh Cñ Nhân",
npc_5358,"Vçn ThÕch Cñ Nhân",
npc_5359,"Huyªt Tª Giä",
npc_5360,"Bao TrÕch Oäi Nhân",
npc_5361,"TØ Khí Bình Chß¾ng",
npc_5362,"TØ Khí Bình Chß¾ng",
npc_5363,"Hán Giang Cñ Viên ",
npc_5364,"Nam Cß½ng Dßþc Sß",
npc_5365,"Nam Cß½ng Thiªt Tßþng",
npc_5366,"Nhân viên quän lí kho Nam Cß½ng ",
npc_5367,"Phong Ma SÑ Giä ",
npc_5373,"Bäng Ð¸nh Toàn ThÕch Thß½ng Thành",
npc_5374,"Thü Lînh Viên H¥u",
npc_5375,"Lâu La Viên H¥u",
npc_5376,"Cñ Viên Hµ V®",
npc_5377,"Thøy Thú",
npc_5379,"Ban La Man Ðà Hoa",
npc_5383,"Cñ Viên Hµ V®",
npc_5384,"Cñ Viên Hµ V®",
npc_5385,"Cñ Viên Hµ V®",
npc_5386,"Cñ Viên Hµ V®",
npc_5387,"Cñ Viên Hµ V®",
npc_5388,"Cñ Viên Hµ V®",
npc_5389,"Cñ Viên Hµ V®",
npc_5390,"Cñ Viên Hµ V®",
npc_5391,"Cñ Viên Hµ V®",
npc_5392,"Cñ Viên Hµ V®",
npc_5393,"Cñ Viên Hµ V®",
npc_5394,"Cñ Viên Hµ V®",
npc_5395,"Cñ Viên Hµ V®",
npc_5396,"Cñ Viên Hµ V®",
npc_5397,"Cñ Viên Hµ V®",
npc_5398,"Cñ Viên Hµ V®",
npc_5399,"Cñ Viên Hµ V®",
npc_5400,"Cñ Viên Hµ V®",
npc_5401,"Cñ Viên Hµ V®",
npc_5402,"Cñ Viên Hµ V®",
npc_5403,"Cñ Viên Hµ V®",
npc_5404,"Trí Giä ( ÐÕi Løc)",
npc_5405,"Siêu c¤p Thiªt Tßþng ( ÐÕi Løc )",
npc_5406,"Nhã L² Tàng Song Thü Giao",
npc_5407,"Nhã L² Tàng Song Thü Giao",
npc_5418,"Nam Cß½ng Dûng Sî Chi H°n",
npc_5420,"Tinh Nhu® Huy«n Höa Hùng Sß",
npc_5421,,
npc_5562,"Ti¬u Tuyªt H°",
npc_5600,"Ngû Thiên TÑ",
npc_5601,"Phúc Sinh",
npc_5602,"ÐoÕn ThÕch Tßþng",
npc_5603,"Phong Kï Trung",
npc_5604,"Vô Nhân Pháp Sß",
npc_5605,"Tß¶ng Vân",
npc_5606,"ThÕch Kì",
npc_5607,"Khu¤t Tài",
npc_5608,"Thß½ng Long Cß Sî",
npc_5609,"Lý Nguyên Hóa",
npc_5610,"Xích Hà",
npc_5611,"Thi Trùng",
npc_5612,"Chiªn Sî Nha Nh¤t Tµc",
npc_5613,"Nha Nh¤t Tµc Tu¥n Du Giä",
npc_5614,"Ðiêu Tßþng Yêu Biªn",
npc_5615,"Tª Sß Nha Nh¤t Tµc",
npc_5616,"Kim Nha Tµc Trß·ng",
npc_5617,"Cô Lâu Quái",
npc_5618,"QuÖ Ð¥u Binh",
npc_5619,"TØ Linh",
npc_5620,"Hß Linh Tháp",
npc_5621,"Hß Linh ",
npc_5622,"La Hiêu Bµ Chúng",
npc_5623,"Thñc Hø Cñ Tích",
npc_5624,"La Hieu ",
npc_5625,"CØu U Hành Giä",
npc_5626,"Khô C¯t Ma",
npc_5627,"Thiªt Di®n Ph§t",
npc_5628,"Hóa C¯t Lão Yêu",
npc_5629,"QuÖ Sùng Thái ThÕch Giä",
npc_5630,"Ðan Dßþc Lß",
npc_5631,"Linh ThÕch Ph§t Tß½ng",
npc_5632,"Thú Nha Ð° Ð¢ng",
npc_5633,"U Minh Hoa",
npc_5634,"Huy«n Tinh ThÕch",
npc_5635,"Dß Hóa",
npc_5636,"Trinh Sát TØ Trúc Lâm",
npc_5637,"Dân Binh TØ Trúc Lâm",
npc_5638,"Tà Quang C¥u",
npc_5639,"Tà Quang C¥u",
npc_5640,"Nång Lßþng Kh¯i",
npc_5641,"Thanh Du¦n",
npc_5642,"Bäo Kiªm ThÕch Ch¤t",
npc_5643,"Hß Không Chi Môn",
npc_5644,"Táo H°ng Mã",
npc_5645,"Nhân Sâm",
npc_5646,"Bäo ThÕch HÕng Truy",
npc_5647,"Quy¬n hµ t¸ch b¸ m¤t",
npc_5648,"MÕng Lß½ng Ngân",
npc_5649,"Thôn Dan Thái ThÕch",
npc_5650,"Ðao H°n",
npc_5651,"Mänh VÞ kì quái",
Scenestable_pve,"ÐÕi Løc Nam Cß½ng",
sn001_baozilindi,"Bao TrÕch Lâm Ð¸a",
sn001_caishichang,"Thái ThÕch Trß¶ng",
sn001_feileiling,"Phi Lôi Lînh",
sn001_jingshiyuyingdi,"Kinh ThÕch Dø Doanh Ð¸a",
sn001_jukeng,"Cñ Khanh",
sn001_juyuangu,"Cñ Viên C¯c",
sn001_juyuangujitan,"C± Viên Bình Ðài",
sn001_linzhongliangting,"Lß½ng Ðình",
sn001_sancaijianbao,"Tam Tài Tiªn Bäo",
sn001_shanzhuangfeixu,"S½n Trang Phª Khß",
sn001_shirenhua,"Ban La MÕn Ðà Ð¸a Ð¾i",
sn001_shisunpodi,"ThÕch Du¦n Ba",
sn001_wuzhongguangchang,"Quäng Trß¶ng Vu Chung",
sn001_xulingta,"Hß Linh Tháp",
sn001_yalin,"Nha Lâm",
sn001_yayizuyingdi,"Nha Nh¤t Tµc Doanh Ð¸a",
sn001_yuanhousiling,"Hán Giang Ðài",
sn001_zizhulin,"TØ Trúc Lâm",
sn001_zizhulinfangxian,"Tuyªn phòng thü TØ Trúc Lâm",
spve001_baozelindi,"Bao TrÕch Lâm Ð¸a",
spve001_cunluo,"Thôn LÕcNam Cß½ng",
spve001_nvwa,"Næ Oa Bình Ðài",
spve001_shatan,"Bãi Cát Nam Cß½ng",
spve001_shisunpo,"ThÕch Du¦n Ba",
spve001_yuanhou,"Viên H¥u Thôn LÕc",
traffic_station_nanjiangchuansongshizhe,"ÐÕi Løc Nam Cß½ng",
traffic_station_nanjiangshizhe,"Thôn Døc Thành",
traffic_station_shuangtoushechuansongshi,"Bãi Cát Nam Cß½ng",
fuben013_heishuihu,"H¡c Thüy H°",
fuben013_shelita,"Xá Lþi Tháp",
fuben013_talin,"Tháp Lâm",
fuben013_youanmilin,"U Ám M§t Lâm",
fuben014_biaojiejie,"Bi¬u Kªt Gi¾i",
fuben014_lijiejie,"Lí Kªt Gi¾i",
fuben014_xuanshizhen,"Huy«n ThÕch Tr§n",
fuben014_xuanshizhijie,"Huy«n ThÕch Chi Gi¾i",
map_zone41,"Phi Lôi Lînh",
npc_5380,,
npc_5381,,
npc_5382,,
npc_5419,"Süng V§t Thß½ng Nhân",
npc_5652,"ThÕch Ð¥u Kì LÕ",
npc_5653,"Thiên NgoÕi Phi ThÕch",
npc_5654,"ThÕch Bäo Thü V®",
npc_5655,"ThÕch Bäo Thü V®",
npc_5656,,
npc_5657,"QuÖ Ð¥u Binh",
npc_5658,"Ðµi Trß·ng QuÖ Ð¥u Binh",
npc_5659,"BÕch C¯t Th¥n Quân",
npc_5660,"Nhân viên quän lí bßu ki®n d¸ch trÕm Kinh ThÕch Dø",
npc_5661,"Quän lí kho Kinh ThÕch Dø",
npc_5662,"D¸ch trÕm v§n chuy¬n nhanh Kinh ThÕch Dø",
npc_5663,"Kinh ThÕch Dø Thiªt Tßþng",
npc_5664,"TØ Trúc Lâm Phòng Tuyªt Thiªt Tßþng",
npc_5665,"Kinh ThÕch Dø Dßþc Sß",
npc_5666,"TØ Trúc Lâm Phòng Tuyªt Dßþc Sß",
npc_5667,,
npc_5668,,
npc_5669,,
npc_5670,"Dûng Sî Nha Nh¤t Tµc ",
npc_5671,"Tª Sß Chi H°n",
npc_5672,"Trß¶ng Tª Sß Nha Nh¤t Tµc ",
npc_5673,"Ðµi Trß·ng Nha Nh¤t Tµc ",
npc_5674,"Tiên Phong Nha Nh¤t Tµc ",
npc_5675,"Kim Nha Tµc Trß·ng",
npc_5676,"Truy«n T¯ng Tª Sß",
npc_5677,"Truy«n T¯ng Tª Sß",
npc_5678,,
npc_5679,,
npc_5680,,
npc_5681,"Lß½ng Châu",
npc_5682,"Hoài Phß½ng",
npc_5683,"Tâm Bäo",
npc_5684,"Tâm Bäo",
npc_5685,"Tiên Phong Nha Nh¤t Tµc ",
npc_5686,"Tiên Phong Nha Nh¤t Tµc ",
npc_5687,"Tiên Phong Nha Nh¤t Tµc ",
npc_5688,"Tiên Phong Nha Nh¤t Tµc ",
npc_5689,"Tinh Anh Hß Linh",
npc_5690,"Tinh Anh Ðao H°n",
npc_5691,"Tinh AnhDñc Nhân",
npc_5692,"Tinh Anh Hóa C¯t Yêu",
npc_5693,"Hóa C¯t Yêu Vß½ng",
npc_5694,"QuÖ Höa SÑ Giä",
npc_5695,"QuÖ Höa SÑ Giä",
Scenestable_xuanshizhijie,"Huy«n ThÕch Chi Gi¾i",
Scenestable_youanmilin,"U Ám M§t Lâm",
traffic_station_jingshiyuyingdi,"Doanh TrÕi Kinh ThÕch Dø",
npc_5450,"ÐÕi Phúc Th¥n",
npc_5459,"Tân Thü Næ Th¥n",
ip_vn081,"Hoán Vû Hµ Phù Bao",
ip_vn082,"Tông Mao Tu¥n Lµc Bao",
ip_vn083,"TØ S¡c Tu¥n Lµc Bao",
ip_vn084,"Tuyªt Tinh May M¡n Bao",
ip_vn085,"Huyªt Kim Kim Bäo ThÕch Bao",
ip_vn086,"Hoàng Kim Bäo ThÕch Bao",
,,
,,
calendar_caizhu,"Thiên Giáng Thái Châu",
calendar_Desc_caizhu,"Thiên Giáng Thái Châu",
calendar_Desc_guild,"Chiªn Ð¤u Bang Hµi",
calendar_Desc_PVE,"Nam Cß½ng ÐÕi Løc",
calendar_Desc_race,"Vi®t Giä",
calendar_Desc_siege,"Huyªt Th¥n Phü Công Thành Chiªn",
calendar_Desc_Spring,"Sñ Ki®n Tªt",
calendar_guild,"Bang Hµi Chiªn",
calendar_PVE,"Nam Cß½ng ÐÕi Løc",
calendar_race,"Vi®t Giä",
calendar_siege,"Công Thành Chiªn",
calendar_Spring,Tªt,
credit_xuanshizhijie,"Huy«n ThÕch Gi¾i",
credit_youanmilin,"U Ám M§t Lâm",
npc_2077,"TrÕm D¸ch Chuy¬n Huyªt Th¥n Phü",
npc_2078,"Bách Man S½n Tiêu Diêu SÑ Giä",
npc_5434,"Ti¬u Dß½ng Thông",
npc_5435,"Ngß¶i Quän Lí Ti«n Vàng Khóa Ð¸nh",
npc_5436,"Vß½ng Giä Nguyên Th¥n",
npc_5439,"Løc Nhî Di H¥u",
npc_5440,"MÕn Ðà Tiên TØ",
npc_5441,"Hàm Chúc Long",
npc_5442,"Nam Cß½ng Bäo Rß½ng",
npc_5451,"Cñc LÕc Môn",
npc_5452,"Cñc LÕc Môn",
npc_5455,"Thß½ng Nhân Hoán Ð±i Bäo ThÕch",
npc_5456,"Niên Thú 2010",
npc_5457,"Ngß¶i Quän Lí Nhi®m Vø œy Thác",
npc_5460,"T¤t cà nhæng ma v§t ðã b¸ ma hóa · TÑ Môn Th¥n",
sn001_dici,"Vùng Ban La MÕn Ðà",
traffic_station_xueshenfu,"Huyªt Th¥n Phü",
ip_vn087,"Kinh Nghi®m Hoàn TØ Bao S½ C¤p ",
ip_vn088,"Kinh Nghi®m Hoàn TØ Bao Trung C¤p ",
ip_vn089,"Kinh Nghi®m Hoàn TØ Bao Cao C¤p ",
ip_vn090,"Süng V§t Kh¦u Lß½ng (Khóa ð¸nh)",
ip_vn091,"Bách NgÕch Mãnh H±",
ip_vn092,"Tuyªt Ng÷c H°",
ip_vn093,"TØ M¸ H°",
ip_vn094,"Kim Long",
ip_vn095,"Lam Long",
ip_vn096,"Thiên Lôi Kiªm",
ip_vn097,"TØ Hiên Kiªm",
ip_vn098,"VÇn Hµ Phù",
ip_vn099,"Trß¶ng Hi®u Nam Höa Ðan",
ip_vn100,"Trß¶ng Hi®u Vô Cñc Ðan",
ip_vn101,"ÐÕi Quang Bäo ThÕch",
ip_vn102,"ÐÕi Hoành Bäo ThÕch",
ip_vn103,"Thª Thân Thäo Nhân Cao C¤p",
npc_6058,"Ngân Anh Ngû Ðài S½n Lñc Sï",
npc_6059,"Ngân Anh Vu C± Nô",
npc_5465,"Hell Flame Demon",
map_zone42,"Phø Bän TÑ Môn S½n",
map_zone43,"Phø Bän TÑ Môn S½n Tây Bµ",
map_zone44,"Phø Bän Bách Man S½n",
traffic_station_phubantown,"Thành Ðô",
traffic_station_puban,"Phø Bän Nguy®t Long Thôn",
npc_7000," SÑ Giä Phø Bän Nguy®t Long Thôn",
npc_7001,"Thành Ðô Truy«n T¯ng",
npc_7002,"Ngân Anh ThÕch Thü",
npc_7003,"Ngân Anh CØu U Hành Giä",
npc_7004,"Ngân Anh Lôi Trác TØ",
npc_7005,"Ngân Anh Tiªt  Binh",
npc_7006,"Bách Hoa Höa QuÖ",
npc_7007,"Chúa T¬ Ánh Sáng",
npc_7008,"Næ Hoàng Bóng Ðêm",
npc_7009,"Nga My Bóng T¯i",
npc_7010,"Chúa T¬ Bóng T¯i",
npc_7011,"Ngân Anh Tiªt Binh QuÏ",
npc_7012,"Bách Hoa Ðµc",
npc_7013,"Nga My Thüy",
npc_7014,"Chiªn QuÖ",
npc_7015,"QuÖ TØ",
npc_7016,"Thß½ng Nhân Th¥n Bí",
npc_shop_TG,"Thß½ng Nhân Th¥n Bí",
npc_7017,"Thß½ng Nhân Bäo Ng÷c",
npc_shop_Ngoc,"Thß½ng Nhân Bäo Ng÷c",
npc_7018,"Yêu Nhân",
npc_7019,"Næ T£c",
npc_7020,"Song Ðao",
npc_7021,"BÕo Ð°",
npc_7022,"Phï Ð°",
npc_7023,"Mèo M§p",
npc_7024,"Bò Húc",
npc_7025,"L¯i Vào Thiên Ma Ðµng",
npc_7026,"L¯i Ra Thiên Ma Ðµng",
traffic_station_phiatrongnguygia,"Phía Trong Ngøy Gia Thôn",
npc_7027,"Khoái Ðao",
npc_7028,"Ð°ng Kiªm",
npc_7029,"Thanh Kiªm",
npc_7030,"Mµc Kiªm",
npc_7031,"Thiên Ma Ðµc Thü",
npc_7032,"Thiên Ma Lôi Thü",
npc_7033,"Thiên Ma Höa Thü",
npc_7034,"Thích QuÖ",
npc_7035,"Thß½ng QuÖ",
npc_7036,"Ðao QuÖ",
npc_7037,"Xích QuÖ",
npc_7038,"Búa QuÖ",
npc_7039,"H± C¦u",
npc_7040,"Rß½ng May M¡n",
npc_7041,Ðao Thü,
npc_7042,Kiªm Thü,
npc_7043,QuÖ Thü,
npc_7044,Lâm Thü V®,
npc_7045,Ma T£c,
Scenestable_qiyundong2,"Kim Tinh Ðµng",
map_zone45,"C¤m Ð¸a Kim Tinh Ðµng",
npc_7048,"L¯i vào Kim Tinh Ðµng",
npc_7049,"L¯i Ra",
npc_7050,Kim Tinh Thü V®,
npc_7051,Kim Tinh Hµ V®,
npc_7052,Kim Tinh ,
npc_7053,Vong Linh Phiêu Lãng,
npc_7054,Tr¤n Thü Tr§n,
npc_7055,H° Ly Tinh,
npc_7056,SÑ Giä Ð¸a Ngøc,
npc_7059,Tiên ¿ng,
npc_7060,C§u Bé Giáng Sinh,
npc_7061,Cô Bé Giáng Sinh,
npc_7062,Bång Xuyên Ngân H°,
npc_7063,Ngß¶i Tuyªt,
npc_7064,Nguy®t Nga,
npc_7065,Ti¬u Hï,
npc_7066,Báo Tuyªt,
npc_7067,Pha Lê Yªt Ngçu,
npc_7068,Ngßu Lang,
npc_7069,ChÑc Nß,
npc_7070,Ông Già Tuyªt,
fuben016_liuxing,"Kim Tinh Tr§n",
fuben016_loutai,"Kim Tinh Lâu Ðài",
fuben016_mishi,"Kim Tinh M§t Th¤t",
fuben016_qiyundong,"Kim Tinh Ðµng",
npc_7167,Nga My,
npc_7168,Ph§t Môn,
npc_7169,Bách Hoa,
npc_7170,Thanh Thành,
npc_7171,Tiên C¥m,
npc_7058,SÑ Giä Sñ Ki®n,
npc_7072,"Trß·ng Quän Tam Gi¾i",
npc_7073,"L¯i Vào Thiên Ma Ðµng 2",
npc_7074,"L¯i Ra Thiên Ma Ðµng 2",
npc_7075,"Tinh Anh Khoái Ðao",
npc_7076,"Tinh Anh Ð°ng Kiªm",
npc_7077,"Tinh Anh Thanh Kiªm",
npc_7078,"Tinh Anh Mµc Kiªm",
npc_7079,"Tinh Anh Thiên Ma Ðµc Thü",
npc_7080,"Tinh Anh Thiên Ma Lôi Thü",
npc_7081,"Tinh Anh Thiên Ma Höa Thü",
npc_7082,"Huyªt Long",
npc_7083,"Tinh Anh Chúa T¬ Ánh Sáng",
npc_7084,"Tinh Anh Bách Hoa Höa QuÖ",
npc_7085,"Tinh Anh Nga My Bóng T¯i",
npc_7086,"Tinh Anh Chúa T¬ Bóng T¯i",